{
  "_format": "hh-sol-cache-2",
  "files": {
    "C:\\ACCUBITS\\PROJECT\\MLP\\mlp-mint-dapp\\node_modules\\erc721a-upgradeable\\contracts\\ERC721AUpgradeable.sol": {
      "lastModificationDate": 1656306785061,
      "contentHash": "4bf5f6bddd42e5f49629885cf34704f7",
      "sourceName": "erc721a-upgradeable/contracts/ERC721AUpgradeable.sol",
      "solcConfig": {
        "version": "0.8.4",
        "settings": {
          "optimizer": {
            "enabled": true,
            "runs": 1
          },
          "outputSelection": {
            "*": {
              "*": [
                "abi",
                "evm.bytecode",
                "evm.deployedBytecode",
                "evm.methodIdentifiers",
                "metadata",
                "storageLayout"
              ],
              "": [
                "ast"
              ]
            }
          }
        }
      },
      "imports": [
        "./IERC721AUpgradeable.sol",
        "./ERC721AStorage.sol",
        "./ERC721A__Initializable.sol"
      ],
      "versionPragmas": [
        "^0.8.4"
      ],
      "artifacts": [
        "ERC721AUpgradeable",
        "ERC721A__IERC721ReceiverUpgradeable"
      ]
    },
    "C:\\ACCUBITS\\PROJECT\\MLP\\mlp-mint-dapp\\node_modules\\@openzeppelin\\contracts-upgradeable\\access\\OwnableUpgradeable.sol": {
      "lastModificationDate": 1655812956792,
      "contentHash": "11b77de3cb69dfc6b342ec87bd09cbdd",
      "sourceName": "@openzeppelin/contracts-upgradeable/access/OwnableUpgradeable.sol",
      "solcConfig": {
        "version": "0.8.4",
        "settings": {
          "optimizer": {
            "enabled": true,
            "runs": 1
          },
          "outputSelection": {
            "*": {
              "*": [
                "abi",
                "evm.bytecode",
                "evm.deployedBytecode",
                "evm.methodIdentifiers",
                "metadata",
                "storageLayout"
              ],
              "": [
                "ast"
              ]
            }
          }
        }
      },
      "imports": [
        "../utils/ContextUpgradeable.sol",
        "../proxy/utils/Initializable.sol"
      ],
      "versionPragmas": [
        "^0.8.0"
      ],
      "artifacts": [
        "OwnableUpgradeable"
      ]
    },
    "C:\\ACCUBITS\\PROJECT\\MLP\\mlp-mint-dapp\\node_modules\\@openzeppelin\\contracts-upgradeable\\utils\\cryptography\\MerkleProofUpgradeable.sol": {
      "lastModificationDate": 1655812956790,
      "contentHash": "3b4f9b239b0a5c0ff87e21626ccfd14d",
      "sourceName": "@openzeppelin/contracts-upgradeable/utils/cryptography/MerkleProofUpgradeable.sol",
      "solcConfig": {
        "version": "0.8.4",
        "settings": {
          "optimizer": {
            "enabled": true,
            "runs": 1
          },
          "outputSelection": {
            "*": {
              "*": [
                "abi",
                "evm.bytecode",
                "evm.deployedBytecode",
                "evm.methodIdentifiers",
                "metadata",
                "storageLayout"
              ],
              "": [
                "ast"
              ]
            }
          }
        }
      },
      "imports": [],
      "versionPragmas": [
        "^0.8.0"
      ],
      "artifacts": [
        "MerkleProofUpgradeable"
      ]
    },
    "C:\\ACCUBITS\\PROJECT\\MLP\\mlp-mint-dapp\\node_modules\\@openzeppelin\\contracts-upgradeable\\security\\ReentrancyGuardUpgradeable.sol": {
      "lastModificationDate": 1655812956799,
      "contentHash": "c9cde6037fc8b1fe0ef04b79149ba733",
      "sourceName": "@openzeppelin/contracts-upgradeable/security/ReentrancyGuardUpgradeable.sol",
      "solcConfig": {
        "version": "0.8.4",
        "settings": {
          "optimizer": {
            "enabled": true,
            "runs": 1
          },
          "outputSelection": {
            "*": {
              "*": [
                "abi",
                "evm.bytecode",
                "evm.deployedBytecode",
                "evm.methodIdentifiers",
                "metadata",
                "storageLayout"
              ],
              "": [
                "ast"
              ]
            }
          }
        }
      },
      "imports": [
        "../proxy/utils/Initializable.sol"
      ],
      "versionPragmas": [
        "^0.8.0"
      ],
      "artifacts": [
        "ReentrancyGuardUpgradeable"
      ]
    },
    "C:\\ACCUBITS\\PROJECT\\MLP\\mlp-mint-dapp\\node_modules\\@openzeppelin\\contracts\\utils\\Strings.sol": {
      "lastModificationDate": 1655716900930,
      "contentHash": "9c54c6c065d9e590fdcdd72c451425b9",
      "sourceName": "@openzeppelin/contracts/utils/Strings.sol",
      "solcConfig": {
        "version": "0.8.4",
        "settings": {
          "optimizer": {
            "enabled": true,
            "runs": 1
          },
          "outputSelection": {
            "*": {
              "*": [
                "abi",
                "evm.bytecode",
                "evm.deployedBytecode",
                "evm.methodIdentifiers",
                "metadata",
                "storageLayout"
              ],
              "": [
                "ast"
              ]
            }
          }
        }
      },
      "imports": [],
      "versionPragmas": [
        "^0.8.0"
      ],
      "artifacts": [
        "Strings"
      ]
    },
    "C:\\ACCUBITS\\PROJECT\\MLP\\mlp-mint-dapp\\node_modules\\@openzeppelin\\contracts-upgradeable\\token\\common\\ERC2981Upgradeable.sol": {
      "lastModificationDate": 1655812956677,
      "contentHash": "57bf240e85966be2d830d056868949e0",
      "sourceName": "@openzeppelin/contracts-upgradeable/token/common/ERC2981Upgradeable.sol",
      "solcConfig": {
        "version": "0.8.4",
        "settings": {
          "optimizer": {
            "enabled": true,
            "runs": 1
          },
          "outputSelection": {
            "*": {
              "*": [
                "abi",
                "evm.bytecode",
                "evm.deployedBytecode",
                "evm.methodIdentifiers",
                "metadata",
                "storageLayout"
              ],
              "": [
                "ast"
              ]
            }
          }
        }
      },
      "imports": [
        "../../interfaces/IERC2981Upgradeable.sol",
        "../../utils/introspection/ERC165Upgradeable.sol",
        "../../proxy/utils/Initializable.sol"
      ],
      "versionPragmas": [
        "^0.8.0"
      ],
      "artifacts": [
        "ERC2981Upgradeable"
      ]
    },
    "C:\\ACCUBITS\\PROJECT\\MLP\\mlp-mint-dapp\\node_modules\\erc721a-upgradeable\\contracts\\IERC721AUpgradeable.sol": {
      "lastModificationDate": 1655812355086,
      "contentHash": "1e2f1693532341aaf97e501ce97d8c36",
      "sourceName": "erc721a-upgradeable/contracts/IERC721AUpgradeable.sol",
      "solcConfig": {
        "version": "0.8.4",
        "settings": {
          "optimizer": {
            "enabled": true,
            "runs": 1
          },
          "outputSelection": {
            "*": {
              "*": [
                "abi",
                "evm.bytecode",
                "evm.deployedBytecode",
                "evm.methodIdentifiers",
                "metadata",
                "storageLayout"
              ],
              "": [
                "ast"
              ]
            }
          }
        }
      },
      "imports": [],
      "versionPragmas": [
        "^0.8.4"
      ],
      "artifacts": [
        "IERC721AUpgradeable"
      ]
    },
    "C:\\ACCUBITS\\PROJECT\\MLP\\mlp-mint-dapp\\node_modules\\erc721a-upgradeable\\contracts\\ERC721AStorage.sol": {
      "lastModificationDate": 1655812355075,
      "contentHash": "8ba708a917fc1e278328621f083deacd",
      "sourceName": "erc721a-upgradeable/contracts/ERC721AStorage.sol",
      "solcConfig": {
        "version": "0.8.4",
        "settings": {
          "optimizer": {
            "enabled": true,
            "runs": 1
          },
          "outputSelection": {
            "*": {
              "*": [
                "abi",
                "evm.bytecode",
                "evm.deployedBytecode",
                "evm.methodIdentifiers",
                "metadata",
                "storageLayout"
              ],
              "": [
                "ast"
              ]
            }
          }
        }
      },
      "imports": [
        "./ERC721AUpgradeable.sol"
      ],
      "versionPragmas": [
        "^0.8.0"
      ],
      "artifacts": [
        "ERC721AStorage"
      ]
    },
    "C:\\ACCUBITS\\PROJECT\\MLP\\mlp-mint-dapp\\node_modules\\erc721a-upgradeable\\contracts\\ERC721A__Initializable.sol": {
      "lastModificationDate": 1655812355068,
      "contentHash": "0fa43fa21f853e3f8f65edb747c92c4e",
      "sourceName": "erc721a-upgradeable/contracts/ERC721A__Initializable.sol",
      "solcConfig": {
        "version": "0.8.4",
        "settings": {
          "optimizer": {
            "enabled": true,
            "runs": 1
          },
          "outputSelection": {
            "*": {
              "*": [
                "abi",
                "evm.bytecode",
                "evm.deployedBytecode",
                "evm.methodIdentifiers",
                "metadata",
                "storageLayout"
              ],
              "": [
                "ast"
              ]
            }
          }
        }
      },
      "imports": [
        "./ERC721A__InitializableStorage.sol"
      ],
      "versionPragmas": [
        "^0.8.0"
      ],
      "artifacts": [
        "ERC721A__Initializable"
      ]
    },
    "C:\\ACCUBITS\\PROJECT\\MLP\\mlp-mint-dapp\\node_modules\\erc721a-upgradeable\\contracts\\ERC721A__InitializableStorage.sol": {
      "lastModificationDate": 1655812355069,
      "contentHash": "5fabc57a19d6e51af472028bb7022279",
      "sourceName": "erc721a-upgradeable/contracts/ERC721A__InitializableStorage.sol",
      "solcConfig": {
        "version": "0.8.4",
        "settings": {
          "optimizer": {
            "enabled": true,
            "runs": 1
          },
          "outputSelection": {
            "*": {
              "*": [
                "abi",
                "evm.bytecode",
                "evm.deployedBytecode",
                "evm.methodIdentifiers",
                "metadata",
                "storageLayout"
              ],
              "": [
                "ast"
              ]
            }
          }
        }
      },
      "imports": [],
      "versionPragmas": [
        "^0.8.0"
      ],
      "artifacts": [
        "ERC721A__InitializableStorage"
      ]
    },
    "C:\\ACCUBITS\\PROJECT\\MLP\\mlp-mint-dapp\\node_modules\\@openzeppelin\\contracts-upgradeable\\utils\\ContextUpgradeable.sol": {
      "lastModificationDate": 1655812956603,
      "contentHash": "6200b84950eb05b4a92a39fd1d6e0f9b",
      "sourceName": "@openzeppelin/contracts-upgradeable/utils/ContextUpgradeable.sol",
      "solcConfig": {
        "version": "0.8.4",
        "settings": {
          "optimizer": {
            "enabled": true,
            "runs": 1
          },
          "outputSelection": {
            "*": {
              "*": [
                "abi",
                "evm.bytecode",
                "evm.deployedBytecode",
                "evm.methodIdentifiers",
                "metadata",
                "storageLayout"
              ],
              "": [
                "ast"
              ]
            }
          }
        }
      },
      "imports": [
        "../proxy/utils/Initializable.sol"
      ],
      "versionPragmas": [
        "^0.8.0"
      ],
      "artifacts": [
        "ContextUpgradeable"
      ]
    },
    "C:\\ACCUBITS\\PROJECT\\MLP\\mlp-mint-dapp\\node_modules\\@openzeppelin\\contracts-upgradeable\\proxy\\utils\\Initializable.sol": {
      "lastModificationDate": 1655812956781,
      "contentHash": "be27cb63ce8e469db3306a210450385f",
      "sourceName": "@openzeppelin/contracts-upgradeable/proxy/utils/Initializable.sol",
      "solcConfig": {
        "version": "0.8.4",
        "settings": {
          "optimizer": {
            "enabled": true,
            "runs": 1
          },
          "outputSelection": {
            "*": {
              "*": [
                "abi",
                "evm.bytecode",
                "evm.deployedBytecode",
                "evm.methodIdentifiers",
                "metadata",
                "storageLayout"
              ],
              "": [
                "ast"
              ]
            }
          }
        }
      },
      "imports": [
        "../../utils/AddressUpgradeable.sol"
      ],
      "versionPragmas": [
        "^0.8.2"
      ],
      "artifacts": [
        "Initializable"
      ]
    },
    "C:\\ACCUBITS\\PROJECT\\MLP\\mlp-mint-dapp\\node_modules\\@openzeppelin\\contracts-upgradeable\\utils\\AddressUpgradeable.sol": {
      "lastModificationDate": 1655812956593,
      "contentHash": "b70d2e0552ab1f44f7e44b5f8379c358",
      "sourceName": "@openzeppelin/contracts-upgradeable/utils/AddressUpgradeable.sol",
      "solcConfig": {
        "version": "0.8.4",
        "settings": {
          "optimizer": {
            "enabled": true,
            "runs": 1
          },
          "outputSelection": {
            "*": {
              "*": [
                "abi",
                "evm.bytecode",
                "evm.deployedBytecode",
                "evm.methodIdentifiers",
                "metadata",
                "storageLayout"
              ],
              "": [
                "ast"
              ]
            }
          }
        }
      },
      "imports": [],
      "versionPragmas": [
        "^0.8.1"
      ],
      "artifacts": [
        "AddressUpgradeable"
      ]
    },
    "C:\\ACCUBITS\\PROJECT\\MLP\\mlp-mint-dapp\\node_modules\\@openzeppelin\\contracts-upgradeable\\interfaces\\IERC2981Upgradeable.sol": {
      "lastModificationDate": 1655812956752,
      "contentHash": "cb60157e1058e75780f1dd7c720b18eb",
      "sourceName": "@openzeppelin/contracts-upgradeable/interfaces/IERC2981Upgradeable.sol",
      "solcConfig": {
        "version": "0.8.4",
        "settings": {
          "optimizer": {
            "enabled": true,
            "runs": 1
          },
          "outputSelection": {
            "*": {
              "*": [
                "abi",
                "evm.bytecode",
                "evm.deployedBytecode",
                "evm.methodIdentifiers",
                "metadata",
                "storageLayout"
              ],
              "": [
                "ast"
              ]
            }
          }
        }
      },
      "imports": [
        "../utils/introspection/IERC165Upgradeable.sol"
      ],
      "versionPragmas": [
        "^0.8.0"
      ],
      "artifacts": [
        "IERC2981Upgradeable"
      ]
    },
    "C:\\ACCUBITS\\PROJECT\\MLP\\mlp-mint-dapp\\node_modules\\@openzeppelin\\contracts-upgradeable\\utils\\introspection\\ERC165Upgradeable.sol": {
      "lastModificationDate": 1655812956659,
      "contentHash": "5f2d8b81c0ff5bd2047b4846c20b998d",
      "sourceName": "@openzeppelin/contracts-upgradeable/utils/introspection/ERC165Upgradeable.sol",
      "solcConfig": {
        "version": "0.8.4",
        "settings": {
          "optimizer": {
            "enabled": true,
            "runs": 1
          },
          "outputSelection": {
            "*": {
              "*": [
                "abi",
                "evm.bytecode",
                "evm.deployedBytecode",
                "evm.methodIdentifiers",
                "metadata",
                "storageLayout"
              ],
              "": [
                "ast"
              ]
            }
          }
        }
      },
      "imports": [
        "./IERC165Upgradeable.sol",
        "../../proxy/utils/Initializable.sol"
      ],
      "versionPragmas": [
        "^0.8.0"
      ],
      "artifacts": [
        "ERC165Upgradeable"
      ]
    },
    "C:\\ACCUBITS\\PROJECT\\MLP\\mlp-mint-dapp\\node_modules\\@openzeppelin\\contracts-upgradeable\\utils\\introspection\\IERC165Upgradeable.sol": {
      "lastModificationDate": 1655812956739,
      "contentHash": "d6ecf203a5e72c845be9bbf2f304a289",
      "sourceName": "@openzeppelin/contracts-upgradeable/utils/introspection/IERC165Upgradeable.sol",
      "solcConfig": {
        "version": "0.8.4",
        "settings": {
          "optimizer": {
            "enabled": true,
            "runs": 1
          },
          "outputSelection": {
            "*": {
              "*": [
                "abi",
                "evm.bytecode",
                "evm.deployedBytecode",
                "evm.methodIdentifiers",
                "metadata",
                "storageLayout"
              ],
              "": [
                "ast"
              ]
            }
          }
        }
      },
      "imports": [],
      "versionPragmas": [
        "^0.8.0"
      ],
      "artifacts": [
        "IERC165Upgradeable"
      ]
    },
    "C:\\ACCUBITS\\PROJECT\\MLP\\mlp-mint-dapp\\contracts\\MetaLicensePlates.sol": {
      "lastModificationDate": 1656576911126,
      "contentHash": "c6d61cb88d797426f134c4bf74d3d8a9",
      "sourceName": "contracts/MetaLicensePlates.sol",
      "solcConfig": {
        "version": "0.8.4",
        "settings": {
          "optimizer": {
            "enabled": true,
            "runs": 1
          },
          "outputSelection": {
            "*": {
              "*": [
                "abi",
                "evm.bytecode",
                "evm.deployedBytecode",
                "evm.methodIdentifiers",
                "metadata",
                "storageLayout"
              ],
              "": [
                "ast"
              ]
            }
          }
        }
      },
      "imports": [
        "erc721a-upgradeable/contracts/ERC721AUpgradeable.sol",
        "@openzeppelin/contracts-upgradeable/access/OwnableUpgradeable.sol",
        "@openzeppelin/contracts-upgradeable/utils/cryptography/MerkleProofUpgradeable.sol",
        "@openzeppelin/contracts-upgradeable/security/ReentrancyGuardUpgradeable.sol",
        "@openzeppelin/contracts/utils/Strings.sol",
        "@openzeppelin/contracts-upgradeable/token/common/ERC2981Upgradeable.sol"
      ],
      "versionPragmas": [
        "0.8.4"
      ],
      "artifacts": [
        "MetaLicensePlates"
      ]
    }
  }
}
