{
  "version": "3.2",
  "log": [
    {
      "OwnableUpgradeable": {
        "src": "@openzeppelin\\contracts-upgradeable\\access\\OwnableUpgradeable.sol:21",
        "inherit": [
          "ContextUpgradeable",
          "Initializable"
        ],
        "libraries": [],
        "methods": [
          "owner()",
          "renounceOwnership()",
          "transferOwnership(address)"
        ],
        "linkReferences": [],
        "errors": [],
        "layout": {
          "storage": [
            {
              "label": "_initialized",
              "offset": 0,
              "slot": "0",
              "type": "t_uint8",
              "contract": "Initializable",
              "src": "@openzeppelin\\contracts-upgradeable\\proxy\\utils\\Initializable.sol:62",
              "retypedFrom": "bool"
            },
            {
              "label": "_initializing",
              "offset": 1,
              "slot": "0",
              "type": "t_bool",
              "contract": "Initializable",
              "src": "@openzeppelin\\contracts-upgradeable\\proxy\\utils\\Initializable.sol:67"
            },
            {
              "label": "__gap",
              "offset": 0,
              "slot": "1",
              "type": "t_array(t_uint256)50_storage",
              "contract": "ContextUpgradeable",
              "src": "@openzeppelin\\contracts-upgradeable\\utils\\ContextUpgradeable.sol:36"
            },
            {
              "label": "_owner",
              "offset": 0,
              "slot": "51",
              "type": "t_address",
              "contract": "OwnableUpgradeable",
              "src": "@openzeppelin\\contracts-upgradeable\\access\\OwnableUpgradeable.sol:22"
            },
            {
              "label": "__gap",
              "offset": 0,
              "slot": "52",
              "type": "t_array(t_uint256)49_storage",
              "contract": "OwnableUpgradeable",
              "src": "@openzeppelin\\contracts-upgradeable\\access\\OwnableUpgradeable.sol:87"
            }
          ],
          "types": {
            "t_address": {
              "label": "address",
              "numberOfBytes": "20"
            },
            "t_array(t_uint256)49_storage": {
              "label": "uint256[49]",
              "numberOfBytes": "1568"
            },
            "t_array(t_uint256)50_storage": {
              "label": "uint256[50]",
              "numberOfBytes": "1600"
            },
            "t_bool": {
              "label": "bool",
              "numberOfBytes": "1"
            },
            "t_uint256": {
              "label": "uint256",
              "numberOfBytes": "32"
            },
            "t_uint8": {
              "label": "uint8",
              "numberOfBytes": "1"
            }
          },
          "layoutVersion": "1.1",
          "flat": true
        }
      },
      "IERC2981Upgradeable": {
        "src": "@openzeppelin\\contracts-upgradeable\\interfaces\\IERC2981Upgradeable.sol:16",
        "inherit": [
          "IERC165Upgradeable"
        ],
        "libraries": [],
        "methods": [
          "royaltyInfo(uint256,uint256)"
        ],
        "linkReferences": [],
        "errors": [],
        "layout": {
          "storage": [],
          "types": {},
          "layoutVersion": "1.1",
          "flat": false
        }
      },
      "Initializable": {
        "src": "@openzeppelin\\contracts-upgradeable\\proxy\\utils\\Initializable.sol:57",
        "inherit": [],
        "libraries": [
          "AddressUpgradeable"
        ],
        "methods": [],
        "linkReferences": [],
        "errors": [],
        "layout": {
          "storage": [
            {
              "label": "_initialized",
              "offset": 0,
              "slot": "0",
              "type": "t_uint8",
              "contract": "Initializable",
              "src": "@openzeppelin\\contracts-upgradeable\\proxy\\utils\\Initializable.sol:62",
              "retypedFrom": "bool"
            },
            {
              "label": "_initializing",
              "offset": 1,
              "slot": "0",
              "type": "t_bool",
              "contract": "Initializable",
              "src": "@openzeppelin\\contracts-upgradeable\\proxy\\utils\\Initializable.sol:67"
            }
          ],
          "types": {
            "t_bool": {
              "label": "bool",
              "numberOfBytes": "1"
            },
            "t_uint8": {
              "label": "uint8",
              "numberOfBytes": "1"
            }
          },
          "layoutVersion": "1.1",
          "flat": true
        }
      },
      "ReentrancyGuardUpgradeable": {
        "src": "@openzeppelin\\contracts-upgradeable\\security\\ReentrancyGuardUpgradeable.sol:23",
        "inherit": [
          "Initializable"
        ],
        "libraries": [],
        "methods": [],
        "linkReferences": [],
        "errors": [],
        "layout": {
          "storage": [
            {
              "label": "_initialized",
              "offset": 0,
              "slot": "0",
              "type": "t_uint8",
              "contract": "Initializable",
              "src": "@openzeppelin\\contracts-upgradeable\\proxy\\utils\\Initializable.sol:62",
              "retypedFrom": "bool"
            },
            {
              "label": "_initializing",
              "offset": 1,
              "slot": "0",
              "type": "t_bool",
              "contract": "Initializable",
              "src": "@openzeppelin\\contracts-upgradeable\\proxy\\utils\\Initializable.sol:67"
            },
            {
              "label": "_status",
              "offset": 0,
              "slot": "1",
              "type": "t_uint256",
              "contract": "ReentrancyGuardUpgradeable",
              "src": "@openzeppelin\\contracts-upgradeable\\security\\ReentrancyGuardUpgradeable.sol:38"
            },
            {
              "label": "__gap",
              "offset": 0,
              "slot": "2",
              "type": "t_array(t_uint256)49_storage",
              "contract": "ReentrancyGuardUpgradeable",
              "src": "@openzeppelin\\contracts-upgradeable\\security\\ReentrancyGuardUpgradeable.sol:74"
            }
          ],
          "types": {
            "t_array(t_uint256)49_storage": {
              "label": "uint256[49]",
              "numberOfBytes": "1568"
            },
            "t_bool": {
              "label": "bool",
              "numberOfBytes": "1"
            },
            "t_uint256": {
              "label": "uint256",
              "numberOfBytes": "32"
            },
            "t_uint8": {
              "label": "uint8",
              "numberOfBytes": "1"
            }
          },
          "layoutVersion": "1.1",
          "flat": true
        }
      },
      "ERC2981Upgradeable": {
        "src": "@openzeppelin\\contracts-upgradeable\\token\\common\\ERC2981Upgradeable.sol:25",
        "inherit": [
          "ERC165Upgradeable",
          "IERC2981Upgradeable",
          "IERC165Upgradeable",
          "Initializable"
        ],
        "libraries": [],
        "methods": [
          "supportsInterface(bytes4)",
          "royaltyInfo(uint256,uint256)"
        ],
        "linkReferences": [],
        "errors": [],
        "layout": {
          "storage": [
            {
              "label": "_initialized",
              "offset": 0,
              "slot": "0",
              "type": "t_uint8",
              "contract": "Initializable",
              "src": "@openzeppelin\\contracts-upgradeable\\proxy\\utils\\Initializable.sol:62",
              "retypedFrom": "bool"
            },
            {
              "label": "_initializing",
              "offset": 1,
              "slot": "0",
              "type": "t_bool",
              "contract": "Initializable",
              "src": "@openzeppelin\\contracts-upgradeable\\proxy\\utils\\Initializable.sol:67"
            },
            {
              "label": "__gap",
              "offset": 0,
              "slot": "1",
              "type": "t_array(t_uint256)50_storage",
              "contract": "ERC165Upgradeable",
              "src": "@openzeppelin\\contracts-upgradeable\\utils\\introspection\\ERC165Upgradeable.sol:41"
            },
            {
              "label": "_defaultRoyaltyInfo",
              "offset": 0,
              "slot": "51",
              "type": "t_struct(RoyaltyInfo)372_storage",
              "contract": "ERC2981Upgradeable",
              "src": "@openzeppelin\\contracts-upgradeable\\token\\common\\ERC2981Upgradeable.sol:36"
            },
            {
              "label": "_tokenRoyaltyInfo",
              "offset": 0,
              "slot": "52",
              "type": "t_mapping(t_uint256,t_struct(RoyaltyInfo)372_storage)",
              "contract": "ERC2981Upgradeable",
              "src": "@openzeppelin\\contracts-upgradeable\\token\\common\\ERC2981Upgradeable.sol:37"
            },
            {
              "label": "__gap",
              "offset": 0,
              "slot": "53",
              "type": "t_array(t_uint256)48_storage",
              "contract": "ERC2981Upgradeable",
              "src": "@openzeppelin\\contracts-upgradeable\\token\\common\\ERC2981Upgradeable.sol:124"
            }
          ],
          "types": {
            "t_address": {
              "label": "address",
              "numberOfBytes": "20"
            },
            "t_array(t_uint256)48_storage": {
              "label": "uint256[48]",
              "numberOfBytes": "1536"
            },
            "t_array(t_uint256)50_storage": {
              "label": "uint256[50]",
              "numberOfBytes": "1600"
            },
            "t_bool": {
              "label": "bool",
              "numberOfBytes": "1"
            },
            "t_mapping(t_uint256,t_struct(RoyaltyInfo)372_storage)": {
              "label": "mapping(uint256 => struct ERC2981Upgradeable.RoyaltyInfo)",
              "numberOfBytes": "32"
            },
            "t_struct(RoyaltyInfo)372_storage": {
              "label": "struct ERC2981Upgradeable.RoyaltyInfo",
              "members": [
                {
                  "label": "receiver",
                  "type": "t_address",
                  "offset": 0,
                  "slot": "0"
                },
                {
                  "label": "royaltyFraction",
                  "type": "t_uint96",
                  "offset": 20,
                  "slot": "0"
                }
              ],
              "numberOfBytes": "32"
            },
            "t_uint256": {
              "label": "uint256",
              "numberOfBytes": "32"
            },
            "t_uint8": {
              "label": "uint8",
              "numberOfBytes": "1"
            },
            "t_uint96": {
              "label": "uint96",
              "numberOfBytes": "12"
            }
          },
          "layoutVersion": "1.1",
          "flat": true
        }
      },
      "AddressUpgradeable": {
        "src": "@openzeppelin\\contracts-upgradeable\\utils\\AddressUpgradeable.sol:9",
        "version": {
          "withMetadata": "5fe87503211c7f92f6a03bdedfd76d8dcb328bb30763ba1e566a7112ec948fa7",
          "withoutMetadata": "a64c6cf9c6ba9368f5132c93a0196b3204a7963dbb4dd05dfddb4ab23126b8db",
          "linkedWithoutMetadata": "a64c6cf9c6ba9368f5132c93a0196b3204a7963dbb4dd05dfddb4ab23126b8db"
        },
        "inherit": [],
        "libraries": [],
        "methods": [],
        "linkReferences": [],
        "errors": [],
        "layout": {
          "storage": [],
          "types": {},
          "layoutVersion": "1.1",
          "flat": false
        }
      },
      "ContextUpgradeable": {
        "src": "@openzeppelin\\contracts-upgradeable\\utils\\ContextUpgradeable.sol:17",
        "inherit": [
          "Initializable"
        ],
        "libraries": [],
        "methods": [],
        "linkReferences": [],
        "errors": [],
        "layout": {
          "storage": [
            {
              "label": "_initialized",
              "offset": 0,
              "slot": "0",
              "type": "t_uint8",
              "contract": "Initializable",
              "src": "@openzeppelin\\contracts-upgradeable\\proxy\\utils\\Initializable.sol:62",
              "retypedFrom": "bool"
            },
            {
              "label": "_initializing",
              "offset": 1,
              "slot": "0",
              "type": "t_bool",
              "contract": "Initializable",
              "src": "@openzeppelin\\contracts-upgradeable\\proxy\\utils\\Initializable.sol:67"
            },
            {
              "label": "__gap",
              "offset": 0,
              "slot": "1",
              "type": "t_array(t_uint256)50_storage",
              "contract": "ContextUpgradeable",
              "src": "@openzeppelin\\contracts-upgradeable\\utils\\ContextUpgradeable.sol:36"
            }
          ],
          "types": {
            "t_array(t_uint256)50_storage": {
              "label": "uint256[50]",
              "numberOfBytes": "1600"
            },
            "t_bool": {
              "label": "bool",
              "numberOfBytes": "1"
            },
            "t_uint256": {
              "label": "uint256",
              "numberOfBytes": "32"
            },
            "t_uint8": {
              "label": "uint8",
              "numberOfBytes": "1"
            }
          },
          "layoutVersion": "1.1",
          "flat": true
        }
      },
      "MerkleProofUpgradeable": {
        "src": "@openzeppelin\\contracts-upgradeable\\utils\\cryptography\\MerkleProofUpgradeable.sol:20",
        "version": {
          "withMetadata": "bc5c4d3b2328a06edf5b78132b32d6908b081f833b53f87ab75297ddbab0d35c",
          "withoutMetadata": "a64c6cf9c6ba9368f5132c93a0196b3204a7963dbb4dd05dfddb4ab23126b8db",
          "linkedWithoutMetadata": "a64c6cf9c6ba9368f5132c93a0196b3204a7963dbb4dd05dfddb4ab23126b8db"
        },
        "inherit": [],
        "libraries": [],
        "methods": [],
        "linkReferences": [],
        "errors": [],
        "layout": {
          "storage": [],
          "types": {},
          "layoutVersion": "1.1",
          "flat": false
        }
      },
      "ERC165Upgradeable": {
        "src": "@openzeppelin\\contracts-upgradeable\\utils\\introspection\\ERC165Upgradeable.sol:23",
        "inherit": [
          "IERC165Upgradeable",
          "Initializable"
        ],
        "libraries": [],
        "methods": [
          "supportsInterface(bytes4)"
        ],
        "linkReferences": [],
        "errors": [],
        "layout": {
          "storage": [
            {
              "label": "_initialized",
              "offset": 0,
              "slot": "0",
              "type": "t_uint8",
              "contract": "Initializable",
              "src": "@openzeppelin\\contracts-upgradeable\\proxy\\utils\\Initializable.sol:62",
              "retypedFrom": "bool"
            },
            {
              "label": "_initializing",
              "offset": 1,
              "slot": "0",
              "type": "t_bool",
              "contract": "Initializable",
              "src": "@openzeppelin\\contracts-upgradeable\\proxy\\utils\\Initializable.sol:67"
            },
            {
              "label": "__gap",
              "offset": 0,
              "slot": "1",
              "type": "t_array(t_uint256)50_storage",
              "contract": "ERC165Upgradeable",
              "src": "@openzeppelin\\contracts-upgradeable\\utils\\introspection\\ERC165Upgradeable.sol:41"
            }
          ],
          "types": {
            "t_array(t_uint256)50_storage": {
              "label": "uint256[50]",
              "numberOfBytes": "1600"
            },
            "t_bool": {
              "label": "bool",
              "numberOfBytes": "1"
            },
            "t_uint256": {
              "label": "uint256",
              "numberOfBytes": "32"
            },
            "t_uint8": {
              "label": "uint8",
              "numberOfBytes": "1"
            }
          },
          "layoutVersion": "1.1",
          "flat": true
        }
      },
      "IERC165Upgradeable": {
        "src": "@openzeppelin\\contracts-upgradeable\\utils\\introspection\\IERC165Upgradeable.sol:15",
        "inherit": [],
        "libraries": [],
        "methods": [
          "supportsInterface(bytes4)"
        ],
        "linkReferences": [],
        "errors": [],
        "layout": {
          "storage": [],
          "types": {},
          "layoutVersion": "1.1",
          "flat": false
        }
      },
      "Strings": {
        "src": "@openzeppelin\\contracts\\utils\\Strings.sol:9",
        "version": {
          "withMetadata": "eac4491728986e273d9e3fff8de19f786de5ec9e20364fa740a68d93eb336e20",
          "withoutMetadata": "a64c6cf9c6ba9368f5132c93a0196b3204a7963dbb4dd05dfddb4ab23126b8db",
          "linkedWithoutMetadata": "a64c6cf9c6ba9368f5132c93a0196b3204a7963dbb4dd05dfddb4ab23126b8db"
        },
        "inherit": [],
        "libraries": [],
        "methods": [],
        "linkReferences": [],
        "errors": [],
        "layout": {
          "storage": [],
          "types": {},
          "layoutVersion": "1.1",
          "flat": false
        }
      },
      "MetaLicensePlates": {
        "src": "contracts\\MetaLicensePlates.sol:12",
        "version": {
          "withMetadata": "cd7bd38765ca3ace6524a39b8878c3162acec14c89a2e5c913c15e8b8f9febf2",
          "withoutMetadata": "fb55d716445625046ea0b69f6bf3e14211af85280837980c5997fbe2d5b2e66a",
          "linkedWithoutMetadata": "fb55d716445625046ea0b69f6bf3e14211af85280837980c5997fbe2d5b2e66a"
        },
        "inherit": [
          "OwnableUpgradeable",
          "ContextUpgradeable",
          "ReentrancyGuardUpgradeable",
          "ERC2981Upgradeable",
          "ERC165Upgradeable",
          "IERC2981Upgradeable",
          "IERC165Upgradeable",
          "Initializable",
          "ERC721AUpgradeable",
          "IERC721AUpgradeable",
          "ERC721A__Initializable"
        ],
        "libraries": [
          "Strings",
          "MerkleProofUpgradeable"
        ],
        "methods": [
          "initialize(string,string,uint256,uint256,uint256,address payable,string,uint96,uint96,address payable)",
          "mint(uint256)",
          "mintForAddress(uint256,address)",
          "whitelistMint(uint256,bytes32[])",
          "transfer(uint256,address)",
          "transferRevenueShare(uint256,uint256)",
          "withdraw()",
          "setMintPrice(uint256)",
          "seturi(string)",
          "calcRevenueShare(uint256,uint256)",
          "getBalance()",
          "setPaused(bool)",
          "setMerkleRoot(bytes32)",
          "setWhitelistMintEnabled(bool)",
          "setPublicMintEnabled(bool)",
          "setPrivateMintEnabled(bool)",
          "updateMaxSupply(uint256)",
          "updateWithdraWallet(address payable)",
          "updateMaxPerWallet(uint256)",
          "tokenURI(uint256)",
          "setRoyaltyInfo(address,uint96)",
          "supportsInterface(bytes4)"
        ],
        "linkReferences": [],
        "errors": [],
        "layout": {
          "storage": [
            {
              "label": "_initialized",
              "offset": 0,
              "slot": "0",
              "type": "t_uint8",
              "contract": "Initializable",
              "src": "@openzeppelin\\contracts-upgradeable\\proxy\\utils\\Initializable.sol:62",
              "retypedFrom": "bool"
            },
            {
              "label": "_initializing",
              "offset": 1,
              "slot": "0",
              "type": "t_bool",
              "contract": "Initializable",
              "src": "@openzeppelin\\contracts-upgradeable\\proxy\\utils\\Initializable.sol:67"
            },
            {
              "label": "__gap",
              "offset": 0,
              "slot": "1",
              "type": "t_array(t_uint256)50_storage",
              "contract": "ERC165Upgradeable",
              "src": "@openzeppelin\\contracts-upgradeable\\utils\\introspection\\ERC165Upgradeable.sol:41"
            },
            {
              "label": "_defaultRoyaltyInfo",
              "offset": 0,
              "slot": "51",
              "type": "t_struct(RoyaltyInfo)372_storage",
              "contract": "ERC2981Upgradeable",
              "src": "@openzeppelin\\contracts-upgradeable\\token\\common\\ERC2981Upgradeable.sol:36"
            },
            {
              "label": "_tokenRoyaltyInfo",
              "offset": 0,
              "slot": "52",
              "type": "t_mapping(t_uint256,t_struct(RoyaltyInfo)372_storage)",
              "contract": "ERC2981Upgradeable",
              "src": "@openzeppelin\\contracts-upgradeable\\token\\common\\ERC2981Upgradeable.sol:37"
            },
            {
              "label": "__gap",
              "offset": 0,
              "slot": "53",
              "type": "t_array(t_uint256)48_storage",
              "contract": "ERC2981Upgradeable",
              "src": "@openzeppelin\\contracts-upgradeable\\token\\common\\ERC2981Upgradeable.sol:124"
            },
            {
              "label": "_status",
              "offset": 0,
              "slot": "101",
              "type": "t_uint256",
              "contract": "ReentrancyGuardUpgradeable",
              "src": "@openzeppelin\\contracts-upgradeable\\security\\ReentrancyGuardUpgradeable.sol:38"
            },
            {
              "label": "__gap",
              "offset": 0,
              "slot": "102",
              "type": "t_array(t_uint256)49_storage",
              "contract": "ReentrancyGuardUpgradeable",
              "src": "@openzeppelin\\contracts-upgradeable\\security\\ReentrancyGuardUpgradeable.sol:74"
            },
            {
              "label": "__gap",
              "offset": 0,
              "slot": "151",
              "type": "t_array(t_uint256)50_storage",
              "contract": "ContextUpgradeable",
              "src": "@openzeppelin\\contracts-upgradeable\\utils\\ContextUpgradeable.sol:36"
            },
            {
              "label": "_owner",
              "offset": 0,
              "slot": "201",
              "type": "t_address",
              "contract": "OwnableUpgradeable",
              "src": "@openzeppelin\\contracts-upgradeable\\access\\OwnableUpgradeable.sol:22"
            },
            {
              "label": "__gap",
              "offset": 0,
              "slot": "202",
              "type": "t_array(t_uint256)49_storage",
              "contract": "OwnableUpgradeable",
              "src": "@openzeppelin\\contracts-upgradeable\\access\\OwnableUpgradeable.sol:87"
            },
            {
              "label": "merkleRoot",
              "offset": 0,
              "slot": "251",
              "type": "t_bytes32",
              "contract": "MetaLicensePlates",
              "src": "contracts\\MetaLicensePlates.sol:20"
            },
            {
              "label": "whitelistClaimed",
              "offset": 0,
              "slot": "252",
              "type": "t_mapping(t_address,t_bool)",
              "contract": "MetaLicensePlates",
              "src": "contracts\\MetaLicensePlates.sol:21"
            },
            {
              "label": "uri",
              "offset": 0,
              "slot": "253",
              "type": "t_string_storage",
              "contract": "MetaLicensePlates",
              "src": "contracts\\MetaLicensePlates.sol:23"
            },
            {
              "label": "mintPrice",
              "offset": 0,
              "slot": "254",
              "type": "t_uint256",
              "contract": "MetaLicensePlates",
              "src": "contracts\\MetaLicensePlates.sol:25"
            },
            {
              "label": "maxSupply",
              "offset": 0,
              "slot": "255",
              "type": "t_uint256",
              "contract": "MetaLicensePlates",
              "src": "contracts\\MetaLicensePlates.sol:26"
            },
            {
              "label": "maxPerWallet",
              "offset": 0,
              "slot": "256",
              "type": "t_uint256",
              "contract": "MetaLicensePlates",
              "src": "contracts\\MetaLicensePlates.sol:27"
            },
            {
              "label": "paused",
              "offset": 0,
              "slot": "257",
              "type": "t_bool",
              "contract": "MetaLicensePlates",
              "src": "contracts\\MetaLicensePlates.sol:29"
            },
            {
              "label": "whitelistMintEnabled",
              "offset": 1,
              "slot": "257",
              "type": "t_bool",
              "contract": "MetaLicensePlates",
              "src": "contracts\\MetaLicensePlates.sol:30"
            },
            {
              "label": "publicMintEnabled",
              "offset": 2,
              "slot": "257",
              "type": "t_bool",
              "contract": "MetaLicensePlates",
              "src": "contracts\\MetaLicensePlates.sol:31"
            },
            {
              "label": "privateMintEnabled",
              "offset": 3,
              "slot": "257",
              "type": "t_bool",
              "contract": "MetaLicensePlates",
              "src": "contracts\\MetaLicensePlates.sol:32"
            },
            {
              "label": "withdrawWallet",
              "offset": 4,
              "slot": "257",
              "type": "t_address_payable",
              "contract": "MetaLicensePlates",
              "src": "contracts\\MetaLicensePlates.sol:34"
            },
            {
              "label": "royaltyOwner",
              "offset": 0,
              "slot": "258",
              "type": "t_address_payable",
              "contract": "MetaLicensePlates",
              "src": "contracts\\MetaLicensePlates.sol:35"
            },
            {
              "label": "revenueShareInBips",
              "offset": 20,
              "slot": "258",
              "type": "t_uint96",
              "contract": "MetaLicensePlates",
              "src": "contracts\\MetaLicensePlates.sol:37"
            }
          ],
          "types": {
            "t_address": {
              "label": "address",
              "numberOfBytes": "20"
            },
            "t_address_payable": {
              "label": "address payable",
              "numberOfBytes": "20"
            },
            "t_array(t_uint256)48_storage": {
              "label": "uint256[48]",
              "numberOfBytes": "1536"
            },
            "t_array(t_uint256)49_storage": {
              "label": "uint256[49]",
              "numberOfBytes": "1568"
            },
            "t_array(t_uint256)50_storage": {
              "label": "uint256[50]",
              "numberOfBytes": "1600"
            },
            "t_bool": {
              "label": "bool",
              "numberOfBytes": "1"
            },
            "t_bytes32": {
              "label": "bytes32",
              "numberOfBytes": "32"
            },
            "t_mapping(t_address,t_bool)": {
              "label": "mapping(address => bool)",
              "numberOfBytes": "32"
            },
            "t_mapping(t_uint256,t_struct(RoyaltyInfo)372_storage)": {
              "label": "mapping(uint256 => struct ERC2981Upgradeable.RoyaltyInfo)",
              "numberOfBytes": "32"
            },
            "t_string_storage": {
              "label": "string",
              "numberOfBytes": "32"
            },
            "t_struct(RoyaltyInfo)372_storage": {
              "label": "struct ERC2981Upgradeable.RoyaltyInfo",
              "members": [
                {
                  "label": "receiver",
                  "type": "t_address",
                  "offset": 0,
                  "slot": "0"
                },
                {
                  "label": "royaltyFraction",
                  "type": "t_uint96",
                  "offset": 20,
                  "slot": "0"
                }
              ],
              "numberOfBytes": "32"
            },
            "t_uint256": {
              "label": "uint256",
              "numberOfBytes": "32"
            },
            "t_uint8": {
              "label": "uint8",
              "numberOfBytes": "1"
            },
            "t_uint96": {
              "label": "uint96",
              "numberOfBytes": "12"
            }
          },
          "layoutVersion": "1.1",
          "flat": true
        }
      },
      "ERC721AStorage": {
        "src": "erc721a-upgradeable\\contracts\\ERC721AStorage.sol:7",
        "version": {
          "withMetadata": "8f2f6ca1654539569bb5fb4d113d222c1410369b813ccaf52c85baa3f964c192",
          "withoutMetadata": "a64c6cf9c6ba9368f5132c93a0196b3204a7963dbb4dd05dfddb4ab23126b8db",
          "linkedWithoutMetadata": "a64c6cf9c6ba9368f5132c93a0196b3204a7963dbb4dd05dfddb4ab23126b8db"
        },
        "inherit": [],
        "libraries": [],
        "methods": [],
        "linkReferences": [],
        "errors": [],
        "layout": {
          "storage": [],
          "types": {},
          "layoutVersion": "1.1",
          "flat": false
        }
      },
      "ERC721AUpgradeable": {
        "src": "erc721a-upgradeable\\contracts\\ERC721AUpgradeable.sol:34",
        "version": {
          "withMetadata": "6ea4fc51cceca4cdc88537cb3cd5ed390dfab02a4a510f6ee8fdeddd7f0117fe",
          "withoutMetadata": "75e76107f6ef84f5d40e116925f44afd109392aedb1c56d64b32472fb6a9c32d",
          "linkedWithoutMetadata": "75e76107f6ef84f5d40e116925f44afd109392aedb1c56d64b32472fb6a9c32d"
        },
        "inherit": [
          "IERC721AUpgradeable",
          "ERC721A__Initializable"
        ],
        "libraries": [
          "ERC721AStorage"
        ],
        "methods": [
          "totalSupply()",
          "supportsInterface(bytes4)",
          "balanceOf(address)",
          "ownerOf(uint256)",
          "name()",
          "symbol()",
          "tokenURI(uint256)",
          "approve(address,uint256)",
          "getApproved(uint256)",
          "setApprovalForAll(address,bool)",
          "isApprovedForAll(address,address)",
          "safeTransferFrom(address,address,uint256)",
          "safeTransferFrom(address,address,uint256,bytes)",
          "transferFrom(address,address,uint256)"
        ],
        "linkReferences": [],
        "errors": [],
        "layout": {
          "storage": [],
          "types": {},
          "layoutVersion": "1.1",
          "flat": false
        }
      },
      "ERC721A__IERC721ReceiverUpgradeable": {
        "src": "erc721a-upgradeable\\contracts\\ERC721AUpgradeable.sol:14",
        "inherit": [],
        "libraries": [],
        "methods": [
          "onERC721Received(address,address,uint256,bytes)"
        ],
        "linkReferences": [],
        "errors": [],
        "layout": {
          "storage": [],
          "types": {},
          "layoutVersion": "1.1",
          "flat": false
        }
      },
      "ERC721A__Initializable": {
        "src": "erc721a-upgradeable\\contracts\\ERC721A__Initializable.sol:19",
        "inherit": [],
        "libraries": [
          "ERC721A__InitializableStorage"
        ],
        "methods": [],
        "linkReferences": [],
        "errors": [],
        "layout": {
          "storage": [],
          "types": {},
          "layoutVersion": "1.1",
          "flat": false
        }
      },
      "ERC721A__InitializableStorage": {
        "src": "erc721a-upgradeable\\contracts\\ERC721A__InitializableStorage.sol:9",
        "version": {
          "withMetadata": "dd181d06430316cd8c4e16a4de18e1b8e3ff152b090ce61e699ae894bf0d96aa",
          "withoutMetadata": "a64c6cf9c6ba9368f5132c93a0196b3204a7963dbb4dd05dfddb4ab23126b8db",
          "linkedWithoutMetadata": "a64c6cf9c6ba9368f5132c93a0196b3204a7963dbb4dd05dfddb4ab23126b8db"
        },
        "inherit": [],
        "libraries": [],
        "methods": [],
        "linkReferences": [],
        "errors": [],
        "layout": {
          "storage": [],
          "types": {},
          "layoutVersion": "1.1",
          "flat": false
        }
      },
      "IERC721AUpgradeable": {
        "src": "erc721a-upgradeable\\contracts\\IERC721AUpgradeable.sol:10",
        "inherit": [],
        "libraries": [],
        "methods": [
          "totalSupply()",
          "supportsInterface(bytes4)",
          "balanceOf(address)",
          "ownerOf(uint256)",
          "safeTransferFrom(address,address,uint256,bytes)",
          "safeTransferFrom(address,address,uint256)",
          "transferFrom(address,address,uint256)",
          "approve(address,uint256)",
          "setApprovalForAll(address,bool)",
          "getApproved(uint256)",
          "isApprovedForAll(address,address)",
          "name()",
          "symbol()",
          "tokenURI(uint256)"
        ],
        "linkReferences": [],
        "errors": [],
        "layout": {
          "storage": [],
          "types": {},
          "layoutVersion": "1.1",
          "flat": false
        }
      }
    },
    {
      "OwnableUpgradeable": {
        "src": "@openzeppelin\\contracts-upgradeable\\access\\OwnableUpgradeable.sol:21",
        "inherit": [
          "ContextUpgradeable",
          "Initializable"
        ],
        "libraries": [],
        "methods": [
          "owner()",
          "renounceOwnership()",
          "transferOwnership(address)"
        ],
        "linkReferences": [],
        "errors": [],
        "layout": {
          "storage": [
            {
              "label": "_initialized",
              "offset": 0,
              "slot": "0",
              "type": "t_uint8",
              "contract": "Initializable",
              "src": "@openzeppelin\\contracts-upgradeable\\proxy\\utils\\Initializable.sol:62",
              "retypedFrom": "bool"
            },
            {
              "label": "_initializing",
              "offset": 1,
              "slot": "0",
              "type": "t_bool",
              "contract": "Initializable",
              "src": "@openzeppelin\\contracts-upgradeable\\proxy\\utils\\Initializable.sol:67"
            },
            {
              "label": "__gap",
              "offset": 0,
              "slot": "1",
              "type": "t_array(t_uint256)50_storage",
              "contract": "ContextUpgradeable",
              "src": "@openzeppelin\\contracts-upgradeable\\utils\\ContextUpgradeable.sol:36"
            },
            {
              "label": "_owner",
              "offset": 0,
              "slot": "51",
              "type": "t_address",
              "contract": "OwnableUpgradeable",
              "src": "@openzeppelin\\contracts-upgradeable\\access\\OwnableUpgradeable.sol:22"
            },
            {
              "label": "__gap",
              "offset": 0,
              "slot": "52",
              "type": "t_array(t_uint256)49_storage",
              "contract": "OwnableUpgradeable",
              "src": "@openzeppelin\\contracts-upgradeable\\access\\OwnableUpgradeable.sol:87"
            }
          ],
          "types": {
            "t_address": {
              "label": "address",
              "numberOfBytes": "20"
            },
            "t_array(t_uint256)49_storage": {
              "label": "uint256[49]",
              "numberOfBytes": "1568"
            },
            "t_array(t_uint256)50_storage": {
              "label": "uint256[50]",
              "numberOfBytes": "1600"
            },
            "t_bool": {
              "label": "bool",
              "numberOfBytes": "1"
            },
            "t_uint256": {
              "label": "uint256",
              "numberOfBytes": "32"
            },
            "t_uint8": {
              "label": "uint8",
              "numberOfBytes": "1"
            }
          },
          "layoutVersion": "1.1",
          "flat": true
        }
      },
      "IERC2981Upgradeable": {
        "src": "@openzeppelin\\contracts-upgradeable\\interfaces\\IERC2981Upgradeable.sol:16",
        "inherit": [
          "IERC165Upgradeable"
        ],
        "libraries": [],
        "methods": [
          "royaltyInfo(uint256,uint256)"
        ],
        "linkReferences": [],
        "errors": [],
        "layout": {
          "storage": [],
          "types": {},
          "layoutVersion": "1.1",
          "flat": false
        }
      },
      "Initializable": {
        "src": "@openzeppelin\\contracts-upgradeable\\proxy\\utils\\Initializable.sol:57",
        "inherit": [],
        "libraries": [
          "AddressUpgradeable"
        ],
        "methods": [],
        "linkReferences": [],
        "errors": [],
        "layout": {
          "storage": [
            {
              "label": "_initialized",
              "offset": 0,
              "slot": "0",
              "type": "t_uint8",
              "contract": "Initializable",
              "src": "@openzeppelin\\contracts-upgradeable\\proxy\\utils\\Initializable.sol:62",
              "retypedFrom": "bool"
            },
            {
              "label": "_initializing",
              "offset": 1,
              "slot": "0",
              "type": "t_bool",
              "contract": "Initializable",
              "src": "@openzeppelin\\contracts-upgradeable\\proxy\\utils\\Initializable.sol:67"
            }
          ],
          "types": {
            "t_bool": {
              "label": "bool",
              "numberOfBytes": "1"
            },
            "t_uint8": {
              "label": "uint8",
              "numberOfBytes": "1"
            }
          },
          "layoutVersion": "1.1",
          "flat": true
        }
      },
      "ReentrancyGuardUpgradeable": {
        "src": "@openzeppelin\\contracts-upgradeable\\security\\ReentrancyGuardUpgradeable.sol:23",
        "inherit": [
          "Initializable"
        ],
        "libraries": [],
        "methods": [],
        "linkReferences": [],
        "errors": [],
        "layout": {
          "storage": [
            {
              "label": "_initialized",
              "offset": 0,
              "slot": "0",
              "type": "t_uint8",
              "contract": "Initializable",
              "src": "@openzeppelin\\contracts-upgradeable\\proxy\\utils\\Initializable.sol:62",
              "retypedFrom": "bool"
            },
            {
              "label": "_initializing",
              "offset": 1,
              "slot": "0",
              "type": "t_bool",
              "contract": "Initializable",
              "src": "@openzeppelin\\contracts-upgradeable\\proxy\\utils\\Initializable.sol:67"
            },
            {
              "label": "_status",
              "offset": 0,
              "slot": "1",
              "type": "t_uint256",
              "contract": "ReentrancyGuardUpgradeable",
              "src": "@openzeppelin\\contracts-upgradeable\\security\\ReentrancyGuardUpgradeable.sol:38"
            },
            {
              "label": "__gap",
              "offset": 0,
              "slot": "2",
              "type": "t_array(t_uint256)49_storage",
              "contract": "ReentrancyGuardUpgradeable",
              "src": "@openzeppelin\\contracts-upgradeable\\security\\ReentrancyGuardUpgradeable.sol:74"
            }
          ],
          "types": {
            "t_array(t_uint256)49_storage": {
              "label": "uint256[49]",
              "numberOfBytes": "1568"
            },
            "t_bool": {
              "label": "bool",
              "numberOfBytes": "1"
            },
            "t_uint256": {
              "label": "uint256",
              "numberOfBytes": "32"
            },
            "t_uint8": {
              "label": "uint8",
              "numberOfBytes": "1"
            }
          },
          "layoutVersion": "1.1",
          "flat": true
        }
      },
      "ERC2981Upgradeable": {
        "src": "@openzeppelin\\contracts-upgradeable\\token\\common\\ERC2981Upgradeable.sol:25",
        "inherit": [
          "ERC165Upgradeable",
          "IERC2981Upgradeable",
          "IERC165Upgradeable",
          "Initializable"
        ],
        "libraries": [],
        "methods": [
          "supportsInterface(bytes4)",
          "royaltyInfo(uint256,uint256)"
        ],
        "linkReferences": [],
        "errors": [],
        "layout": {
          "storage": [
            {
              "label": "_initialized",
              "offset": 0,
              "slot": "0",
              "type": "t_uint8",
              "contract": "Initializable",
              "src": "@openzeppelin\\contracts-upgradeable\\proxy\\utils\\Initializable.sol:62",
              "retypedFrom": "bool"
            },
            {
              "label": "_initializing",
              "offset": 1,
              "slot": "0",
              "type": "t_bool",
              "contract": "Initializable",
              "src": "@openzeppelin\\contracts-upgradeable\\proxy\\utils\\Initializable.sol:67"
            },
            {
              "label": "__gap",
              "offset": 0,
              "slot": "1",
              "type": "t_array(t_uint256)50_storage",
              "contract": "ERC165Upgradeable",
              "src": "@openzeppelin\\contracts-upgradeable\\utils\\introspection\\ERC165Upgradeable.sol:41"
            },
            {
              "label": "_defaultRoyaltyInfo",
              "offset": 0,
              "slot": "51",
              "type": "t_struct(RoyaltyInfo)372_storage",
              "contract": "ERC2981Upgradeable",
              "src": "@openzeppelin\\contracts-upgradeable\\token\\common\\ERC2981Upgradeable.sol:36"
            },
            {
              "label": "_tokenRoyaltyInfo",
              "offset": 0,
              "slot": "52",
              "type": "t_mapping(t_uint256,t_struct(RoyaltyInfo)372_storage)",
              "contract": "ERC2981Upgradeable",
              "src": "@openzeppelin\\contracts-upgradeable\\token\\common\\ERC2981Upgradeable.sol:37"
            },
            {
              "label": "__gap",
              "offset": 0,
              "slot": "53",
              "type": "t_array(t_uint256)48_storage",
              "contract": "ERC2981Upgradeable",
              "src": "@openzeppelin\\contracts-upgradeable\\token\\common\\ERC2981Upgradeable.sol:124"
            }
          ],
          "types": {
            "t_address": {
              "label": "address",
              "numberOfBytes": "20"
            },
            "t_array(t_uint256)48_storage": {
              "label": "uint256[48]",
              "numberOfBytes": "1536"
            },
            "t_array(t_uint256)50_storage": {
              "label": "uint256[50]",
              "numberOfBytes": "1600"
            },
            "t_bool": {
              "label": "bool",
              "numberOfBytes": "1"
            },
            "t_mapping(t_uint256,t_struct(RoyaltyInfo)372_storage)": {
              "label": "mapping(uint256 => struct ERC2981Upgradeable.RoyaltyInfo)",
              "numberOfBytes": "32"
            },
            "t_struct(RoyaltyInfo)372_storage": {
              "label": "struct ERC2981Upgradeable.RoyaltyInfo",
              "members": [
                {
                  "label": "receiver",
                  "type": "t_address",
                  "offset": 0,
                  "slot": "0"
                },
                {
                  "label": "royaltyFraction",
                  "type": "t_uint96",
                  "offset": 20,
                  "slot": "0"
                }
              ],
              "numberOfBytes": "32"
            },
            "t_uint256": {
              "label": "uint256",
              "numberOfBytes": "32"
            },
            "t_uint8": {
              "label": "uint8",
              "numberOfBytes": "1"
            },
            "t_uint96": {
              "label": "uint96",
              "numberOfBytes": "12"
            }
          },
          "layoutVersion": "1.1",
          "flat": true
        }
      },
      "AddressUpgradeable": {
        "src": "@openzeppelin\\contracts-upgradeable\\utils\\AddressUpgradeable.sol:9",
        "version": {
          "withMetadata": "5fe87503211c7f92f6a03bdedfd76d8dcb328bb30763ba1e566a7112ec948fa7",
          "withoutMetadata": "a64c6cf9c6ba9368f5132c93a0196b3204a7963dbb4dd05dfddb4ab23126b8db",
          "linkedWithoutMetadata": "a64c6cf9c6ba9368f5132c93a0196b3204a7963dbb4dd05dfddb4ab23126b8db"
        },
        "inherit": [],
        "libraries": [],
        "methods": [],
        "linkReferences": [],
        "errors": [],
        "layout": {
          "storage": [],
          "types": {},
          "layoutVersion": "1.1",
          "flat": false
        }
      },
      "ContextUpgradeable": {
        "src": "@openzeppelin\\contracts-upgradeable\\utils\\ContextUpgradeable.sol:17",
        "inherit": [
          "Initializable"
        ],
        "libraries": [],
        "methods": [],
        "linkReferences": [],
        "errors": [],
        "layout": {
          "storage": [
            {
              "label": "_initialized",
              "offset": 0,
              "slot": "0",
              "type": "t_uint8",
              "contract": "Initializable",
              "src": "@openzeppelin\\contracts-upgradeable\\proxy\\utils\\Initializable.sol:62",
              "retypedFrom": "bool"
            },
            {
              "label": "_initializing",
              "offset": 1,
              "slot": "0",
              "type": "t_bool",
              "contract": "Initializable",
              "src": "@openzeppelin\\contracts-upgradeable\\proxy\\utils\\Initializable.sol:67"
            },
            {
              "label": "__gap",
              "offset": 0,
              "slot": "1",
              "type": "t_array(t_uint256)50_storage",
              "contract": "ContextUpgradeable",
              "src": "@openzeppelin\\contracts-upgradeable\\utils\\ContextUpgradeable.sol:36"
            }
          ],
          "types": {
            "t_array(t_uint256)50_storage": {
              "label": "uint256[50]",
              "numberOfBytes": "1600"
            },
            "t_bool": {
              "label": "bool",
              "numberOfBytes": "1"
            },
            "t_uint256": {
              "label": "uint256",
              "numberOfBytes": "32"
            },
            "t_uint8": {
              "label": "uint8",
              "numberOfBytes": "1"
            }
          },
          "layoutVersion": "1.1",
          "flat": true
        }
      },
      "MerkleProofUpgradeable": {
        "src": "@openzeppelin\\contracts-upgradeable\\utils\\cryptography\\MerkleProofUpgradeable.sol:20",
        "version": {
          "withMetadata": "bc5c4d3b2328a06edf5b78132b32d6908b081f833b53f87ab75297ddbab0d35c",
          "withoutMetadata": "a64c6cf9c6ba9368f5132c93a0196b3204a7963dbb4dd05dfddb4ab23126b8db",
          "linkedWithoutMetadata": "a64c6cf9c6ba9368f5132c93a0196b3204a7963dbb4dd05dfddb4ab23126b8db"
        },
        "inherit": [],
        "libraries": [],
        "methods": [],
        "linkReferences": [],
        "errors": [],
        "layout": {
          "storage": [],
          "types": {},
          "layoutVersion": "1.1",
          "flat": false
        }
      },
      "ERC165Upgradeable": {
        "src": "@openzeppelin\\contracts-upgradeable\\utils\\introspection\\ERC165Upgradeable.sol:23",
        "inherit": [
          "IERC165Upgradeable",
          "Initializable"
        ],
        "libraries": [],
        "methods": [
          "supportsInterface(bytes4)"
        ],
        "linkReferences": [],
        "errors": [],
        "layout": {
          "storage": [
            {
              "label": "_initialized",
              "offset": 0,
              "slot": "0",
              "type": "t_uint8",
              "contract": "Initializable",
              "src": "@openzeppelin\\contracts-upgradeable\\proxy\\utils\\Initializable.sol:62",
              "retypedFrom": "bool"
            },
            {
              "label": "_initializing",
              "offset": 1,
              "slot": "0",
              "type": "t_bool",
              "contract": "Initializable",
              "src": "@openzeppelin\\contracts-upgradeable\\proxy\\utils\\Initializable.sol:67"
            },
            {
              "label": "__gap",
              "offset": 0,
              "slot": "1",
              "type": "t_array(t_uint256)50_storage",
              "contract": "ERC165Upgradeable",
              "src": "@openzeppelin\\contracts-upgradeable\\utils\\introspection\\ERC165Upgradeable.sol:41"
            }
          ],
          "types": {
            "t_array(t_uint256)50_storage": {
              "label": "uint256[50]",
              "numberOfBytes": "1600"
            },
            "t_bool": {
              "label": "bool",
              "numberOfBytes": "1"
            },
            "t_uint256": {
              "label": "uint256",
              "numberOfBytes": "32"
            },
            "t_uint8": {
              "label": "uint8",
              "numberOfBytes": "1"
            }
          },
          "layoutVersion": "1.1",
          "flat": true
        }
      },
      "IERC165Upgradeable": {
        "src": "@openzeppelin\\contracts-upgradeable\\utils\\introspection\\IERC165Upgradeable.sol:15",
        "inherit": [],
        "libraries": [],
        "methods": [
          "supportsInterface(bytes4)"
        ],
        "linkReferences": [],
        "errors": [],
        "layout": {
          "storage": [],
          "types": {},
          "layoutVersion": "1.1",
          "flat": false
        }
      },
      "Strings": {
        "src": "@openzeppelin\\contracts\\utils\\Strings.sol:9",
        "version": {
          "withMetadata": "eac4491728986e273d9e3fff8de19f786de5ec9e20364fa740a68d93eb336e20",
          "withoutMetadata": "a64c6cf9c6ba9368f5132c93a0196b3204a7963dbb4dd05dfddb4ab23126b8db",
          "linkedWithoutMetadata": "a64c6cf9c6ba9368f5132c93a0196b3204a7963dbb4dd05dfddb4ab23126b8db"
        },
        "inherit": [],
        "libraries": [],
        "methods": [],
        "linkReferences": [],
        "errors": [],
        "layout": {
          "storage": [],
          "types": {},
          "layoutVersion": "1.1",
          "flat": false
        }
      },
      "MetaLicensePlates": {
        "src": "contracts\\MlpTestNFT.sol:12",
        "version": {
          "withMetadata": "2e3b4b55922c234ab790ccb3b0ee63cbc0ebfad1e177f7293753a91f53669a4a",
          "withoutMetadata": "30d2593a8bbb3caec4f43bc0b183f949eb040978f637be1f5c2eb3a5e8a6b510",
          "linkedWithoutMetadata": "30d2593a8bbb3caec4f43bc0b183f949eb040978f637be1f5c2eb3a5e8a6b510"
        },
        "inherit": [
          "OwnableUpgradeable",
          "ContextUpgradeable",
          "ReentrancyGuardUpgradeable",
          "ERC2981Upgradeable",
          "ERC165Upgradeable",
          "IERC2981Upgradeable",
          "IERC165Upgradeable",
          "Initializable",
          "ERC721AUpgradeable",
          "IERC721AUpgradeable",
          "ERC721A__Initializable"
        ],
        "libraries": [
          "Strings",
          "MerkleProofUpgradeable"
        ],
        "methods": [
          "initialize(string,string,uint256,uint256,uint256,address payable,string,uint96,uint96,address payable)",
          "mint(uint256)",
          "mintForAddress(uint256,address)",
          "whitelistMint(uint256,bytes32[])",
          "transfer(uint256,address)",
          "transferRevenueShare(uint256,uint256)",
          "withdraw()",
          "setMintPrice(uint256)",
          "seturi(string)",
          "calcRevenueShare(uint256,uint256)",
          "getBalance()",
          "setPaused(bool)",
          "setMerkleRoot(bytes32)",
          "setWhitelistMintEnabled(bool)",
          "setPublicMintEnabled(bool)",
          "setPrivateMintEnabled(bool)",
          "updateMaxSupply(uint256)",
          "updateWithdraWallet(address payable)",
          "updateMaxPerWallet(uint256)",
          "tokenURI(uint256)",
          "setRoyaltyInfo(address,uint96)",
          "supportsInterface(bytes4)"
        ],
        "linkReferences": [],
        "errors": [],
        "layout": {
          "storage": [
            {
              "label": "_initialized",
              "offset": 0,
              "slot": "0",
              "type": "t_uint8",
              "contract": "Initializable",
              "src": "@openzeppelin\\contracts-upgradeable\\proxy\\utils\\Initializable.sol:62",
              "retypedFrom": "bool"
            },
            {
              "label": "_initializing",
              "offset": 1,
              "slot": "0",
              "type": "t_bool",
              "contract": "Initializable",
              "src": "@openzeppelin\\contracts-upgradeable\\proxy\\utils\\Initializable.sol:67"
            },
            {
              "label": "__gap",
              "offset": 0,
              "slot": "1",
              "type": "t_array(t_uint256)50_storage",
              "contract": "ERC165Upgradeable",
              "src": "@openzeppelin\\contracts-upgradeable\\utils\\introspection\\ERC165Upgradeable.sol:41"
            },
            {
              "label": "_defaultRoyaltyInfo",
              "offset": 0,
              "slot": "51",
              "type": "t_struct(RoyaltyInfo)372_storage",
              "contract": "ERC2981Upgradeable",
              "src": "@openzeppelin\\contracts-upgradeable\\token\\common\\ERC2981Upgradeable.sol:36"
            },
            {
              "label": "_tokenRoyaltyInfo",
              "offset": 0,
              "slot": "52",
              "type": "t_mapping(t_uint256,t_struct(RoyaltyInfo)372_storage)",
              "contract": "ERC2981Upgradeable",
              "src": "@openzeppelin\\contracts-upgradeable\\token\\common\\ERC2981Upgradeable.sol:37"
            },
            {
              "label": "__gap",
              "offset": 0,
              "slot": "53",
              "type": "t_array(t_uint256)48_storage",
              "contract": "ERC2981Upgradeable",
              "src": "@openzeppelin\\contracts-upgradeable\\token\\common\\ERC2981Upgradeable.sol:124"
            },
            {
              "label": "_status",
              "offset": 0,
              "slot": "101",
              "type": "t_uint256",
              "contract": "ReentrancyGuardUpgradeable",
              "src": "@openzeppelin\\contracts-upgradeable\\security\\ReentrancyGuardUpgradeable.sol:38"
            },
            {
              "label": "__gap",
              "offset": 0,
              "slot": "102",
              "type": "t_array(t_uint256)49_storage",
              "contract": "ReentrancyGuardUpgradeable",
              "src": "@openzeppelin\\contracts-upgradeable\\security\\ReentrancyGuardUpgradeable.sol:74"
            },
            {
              "label": "__gap",
              "offset": 0,
              "slot": "151",
              "type": "t_array(t_uint256)50_storage",
              "contract": "ContextUpgradeable",
              "src": "@openzeppelin\\contracts-upgradeable\\utils\\ContextUpgradeable.sol:36"
            },
            {
              "label": "_owner",
              "offset": 0,
              "slot": "201",
              "type": "t_address",
              "contract": "OwnableUpgradeable",
              "src": "@openzeppelin\\contracts-upgradeable\\access\\OwnableUpgradeable.sol:22"
            },
            {
              "label": "__gap",
              "offset": 0,
              "slot": "202",
              "type": "t_array(t_uint256)49_storage",
              "contract": "OwnableUpgradeable",
              "src": "@openzeppelin\\contracts-upgradeable\\access\\OwnableUpgradeable.sol:87"
            },
            {
              "label": "merkleRoot",
              "offset": 0,
              "slot": "251",
              "type": "t_bytes32",
              "contract": "MetaLicensePlates",
              "src": "contracts\\MlpTestNFT.sol:20"
            },
            {
              "label": "whitelistClaimed",
              "offset": 0,
              "slot": "252",
              "type": "t_mapping(t_address,t_bool)",
              "contract": "MetaLicensePlates",
              "src": "contracts\\MlpTestNFT.sol:21"
            },
            {
              "label": "uri",
              "offset": 0,
              "slot": "253",
              "type": "t_string_storage",
              "contract": "MetaLicensePlates",
              "src": "contracts\\MlpTestNFT.sol:23"
            },
            {
              "label": "mintPrice",
              "offset": 0,
              "slot": "254",
              "type": "t_uint256",
              "contract": "MetaLicensePlates",
              "src": "contracts\\MlpTestNFT.sol:25"
            },
            {
              "label": "maxSupply",
              "offset": 0,
              "slot": "255",
              "type": "t_uint256",
              "contract": "MetaLicensePlates",
              "src": "contracts\\MlpTestNFT.sol:26"
            },
            {
              "label": "maxPerWallet",
              "offset": 0,
              "slot": "256",
              "type": "t_uint256",
              "contract": "MetaLicensePlates",
              "src": "contracts\\MlpTestNFT.sol:27"
            },
            {
              "label": "paused",
              "offset": 0,
              "slot": "257",
              "type": "t_bool",
              "contract": "MetaLicensePlates",
              "src": "contracts\\MlpTestNFT.sol:29"
            },
            {
              "label": "whitelistMintEnabled",
              "offset": 1,
              "slot": "257",
              "type": "t_bool",
              "contract": "MetaLicensePlates",
              "src": "contracts\\MlpTestNFT.sol:30"
            },
            {
              "label": "publicMintEnabled",
              "offset": 2,
              "slot": "257",
              "type": "t_bool",
              "contract": "MetaLicensePlates",
              "src": "contracts\\MlpTestNFT.sol:31"
            },
            {
              "label": "privateMintEnabled",
              "offset": 3,
              "slot": "257",
              "type": "t_bool",
              "contract": "MetaLicensePlates",
              "src": "contracts\\MlpTestNFT.sol:32"
            },
            {
              "label": "withdrawWallet",
              "offset": 4,
              "slot": "257",
              "type": "t_address_payable",
              "contract": "MetaLicensePlates",
              "src": "contracts\\MlpTestNFT.sol:34"
            },
            {
              "label": "royaltyOwner",
              "offset": 0,
              "slot": "258",
              "type": "t_address_payable",
              "contract": "MetaLicensePlates",
              "src": "contracts\\MlpTestNFT.sol:35"
            },
            {
              "label": "revenueShareInBips",
              "offset": 20,
              "slot": "258",
              "type": "t_uint96",
              "contract": "MetaLicensePlates",
              "src": "contracts\\MlpTestNFT.sol:37"
            }
          ],
          "types": {
            "t_address": {
              "label": "address",
              "numberOfBytes": "20"
            },
            "t_address_payable": {
              "label": "address payable",
              "numberOfBytes": "20"
            },
            "t_array(t_uint256)48_storage": {
              "label": "uint256[48]",
              "numberOfBytes": "1536"
            },
            "t_array(t_uint256)49_storage": {
              "label": "uint256[49]",
              "numberOfBytes": "1568"
            },
            "t_array(t_uint256)50_storage": {
              "label": "uint256[50]",
              "numberOfBytes": "1600"
            },
            "t_bool": {
              "label": "bool",
              "numberOfBytes": "1"
            },
            "t_bytes32": {
              "label": "bytes32",
              "numberOfBytes": "32"
            },
            "t_mapping(t_address,t_bool)": {
              "label": "mapping(address => bool)",
              "numberOfBytes": "32"
            },
            "t_mapping(t_uint256,t_struct(RoyaltyInfo)372_storage)": {
              "label": "mapping(uint256 => struct ERC2981Upgradeable.RoyaltyInfo)",
              "numberOfBytes": "32"
            },
            "t_string_storage": {
              "label": "string",
              "numberOfBytes": "32"
            },
            "t_struct(RoyaltyInfo)372_storage": {
              "label": "struct ERC2981Upgradeable.RoyaltyInfo",
              "members": [
                {
                  "label": "receiver",
                  "type": "t_address",
                  "offset": 0,
                  "slot": "0"
                },
                {
                  "label": "royaltyFraction",
                  "type": "t_uint96",
                  "offset": 20,
                  "slot": "0"
                }
              ],
              "numberOfBytes": "32"
            },
            "t_uint256": {
              "label": "uint256",
              "numberOfBytes": "32"
            },
            "t_uint8": {
              "label": "uint8",
              "numberOfBytes": "1"
            },
            "t_uint96": {
              "label": "uint96",
              "numberOfBytes": "12"
            }
          },
          "layoutVersion": "1.1",
          "flat": true
        }
      },
      "ERC721AStorage": {
        "src": "erc721a-upgradeable\\contracts\\ERC721AStorage.sol:7",
        "version": {
          "withMetadata": "8f2f6ca1654539569bb5fb4d113d222c1410369b813ccaf52c85baa3f964c192",
          "withoutMetadata": "a64c6cf9c6ba9368f5132c93a0196b3204a7963dbb4dd05dfddb4ab23126b8db",
          "linkedWithoutMetadata": "a64c6cf9c6ba9368f5132c93a0196b3204a7963dbb4dd05dfddb4ab23126b8db"
        },
        "inherit": [],
        "libraries": [],
        "methods": [],
        "linkReferences": [],
        "errors": [],
        "layout": {
          "storage": [],
          "types": {},
          "layoutVersion": "1.1",
          "flat": false
        }
      },
      "ERC721AUpgradeable": {
        "src": "erc721a-upgradeable\\contracts\\ERC721AUpgradeable.sol:34",
        "version": {
          "withMetadata": "6ea4fc51cceca4cdc88537cb3cd5ed390dfab02a4a510f6ee8fdeddd7f0117fe",
          "withoutMetadata": "75e76107f6ef84f5d40e116925f44afd109392aedb1c56d64b32472fb6a9c32d",
          "linkedWithoutMetadata": "75e76107f6ef84f5d40e116925f44afd109392aedb1c56d64b32472fb6a9c32d"
        },
        "inherit": [
          "IERC721AUpgradeable",
          "ERC721A__Initializable"
        ],
        "libraries": [
          "ERC721AStorage"
        ],
        "methods": [
          "totalSupply()",
          "supportsInterface(bytes4)",
          "balanceOf(address)",
          "ownerOf(uint256)",
          "name()",
          "symbol()",
          "tokenURI(uint256)",
          "approve(address,uint256)",
          "getApproved(uint256)",
          "setApprovalForAll(address,bool)",
          "isApprovedForAll(address,address)",
          "safeTransferFrom(address,address,uint256)",
          "safeTransferFrom(address,address,uint256,bytes)",
          "transferFrom(address,address,uint256)"
        ],
        "linkReferences": [],
        "errors": [],
        "layout": {
          "storage": [],
          "types": {},
          "layoutVersion": "1.1",
          "flat": false
        }
      },
      "ERC721A__IERC721ReceiverUpgradeable": {
        "src": "erc721a-upgradeable\\contracts\\ERC721AUpgradeable.sol:14",
        "inherit": [],
        "libraries": [],
        "methods": [
          "onERC721Received(address,address,uint256,bytes)"
        ],
        "linkReferences": [],
        "errors": [],
        "layout": {
          "storage": [],
          "types": {},
          "layoutVersion": "1.1",
          "flat": false
        }
      },
      "ERC721A__Initializable": {
        "src": "erc721a-upgradeable\\contracts\\ERC721A__Initializable.sol:19",
        "inherit": [],
        "libraries": [
          "ERC721A__InitializableStorage"
        ],
        "methods": [],
        "linkReferences": [],
        "errors": [],
        "layout": {
          "storage": [],
          "types": {},
          "layoutVersion": "1.1",
          "flat": false
        }
      },
      "ERC721A__InitializableStorage": {
        "src": "erc721a-upgradeable\\contracts\\ERC721A__InitializableStorage.sol:9",
        "version": {
          "withMetadata": "dd181d06430316cd8c4e16a4de18e1b8e3ff152b090ce61e699ae894bf0d96aa",
          "withoutMetadata": "a64c6cf9c6ba9368f5132c93a0196b3204a7963dbb4dd05dfddb4ab23126b8db",
          "linkedWithoutMetadata": "a64c6cf9c6ba9368f5132c93a0196b3204a7963dbb4dd05dfddb4ab23126b8db"
        },
        "inherit": [],
        "libraries": [],
        "methods": [],
        "linkReferences": [],
        "errors": [],
        "layout": {
          "storage": [],
          "types": {},
          "layoutVersion": "1.1",
          "flat": false
        }
      },
      "IERC721AUpgradeable": {
        "src": "erc721a-upgradeable\\contracts\\IERC721AUpgradeable.sol:10",
        "inherit": [],
        "libraries": [],
        "methods": [
          "totalSupply()",
          "supportsInterface(bytes4)",
          "balanceOf(address)",
          "ownerOf(uint256)",
          "safeTransferFrom(address,address,uint256,bytes)",
          "safeTransferFrom(address,address,uint256)",
          "transferFrom(address,address,uint256)",
          "approve(address,uint256)",
          "setApprovalForAll(address,bool)",
          "getApproved(uint256)",
          "isApprovedForAll(address,address)",
          "name()",
          "symbol()",
          "tokenURI(uint256)"
        ],
        "linkReferences": [],
        "errors": [],
        "layout": {
          "storage": [],
          "types": {},
          "layoutVersion": "1.1",
          "flat": false
        }
      }
    },
    {
      "OwnableUpgradeable": {
        "src": "@openzeppelin\\contracts-upgradeable\\access\\OwnableUpgradeable.sol:21",
        "inherit": [
          "ContextUpgradeable",
          "Initializable"
        ],
        "libraries": [],
        "methods": [
          "owner()",
          "renounceOwnership()",
          "transferOwnership(address)"
        ],
        "linkReferences": [],
        "errors": [],
        "layout": {
          "storage": [
            {
              "label": "_initialized",
              "offset": 0,
              "slot": "0",
              "type": "t_uint8",
              "contract": "Initializable",
              "src": "@openzeppelin\\contracts-upgradeable\\proxy\\utils\\Initializable.sol:62",
              "retypedFrom": "bool"
            },
            {
              "label": "_initializing",
              "offset": 1,
              "slot": "0",
              "type": "t_bool",
              "contract": "Initializable",
              "src": "@openzeppelin\\contracts-upgradeable\\proxy\\utils\\Initializable.sol:67"
            },
            {
              "label": "__gap",
              "offset": 0,
              "slot": "1",
              "type": "t_array(t_uint256)50_storage",
              "contract": "ContextUpgradeable",
              "src": "@openzeppelin\\contracts-upgradeable\\utils\\ContextUpgradeable.sol:36"
            },
            {
              "label": "_owner",
              "offset": 0,
              "slot": "51",
              "type": "t_address",
              "contract": "OwnableUpgradeable",
              "src": "@openzeppelin\\contracts-upgradeable\\access\\OwnableUpgradeable.sol:22"
            },
            {
              "label": "__gap",
              "offset": 0,
              "slot": "52",
              "type": "t_array(t_uint256)49_storage",
              "contract": "OwnableUpgradeable",
              "src": "@openzeppelin\\contracts-upgradeable\\access\\OwnableUpgradeable.sol:87"
            }
          ],
          "types": {
            "t_address": {
              "label": "address",
              "numberOfBytes": "20"
            },
            "t_array(t_uint256)49_storage": {
              "label": "uint256[49]",
              "numberOfBytes": "1568"
            },
            "t_array(t_uint256)50_storage": {
              "label": "uint256[50]",
              "numberOfBytes": "1600"
            },
            "t_bool": {
              "label": "bool",
              "numberOfBytes": "1"
            },
            "t_uint256": {
              "label": "uint256",
              "numberOfBytes": "32"
            },
            "t_uint8": {
              "label": "uint8",
              "numberOfBytes": "1"
            }
          },
          "layoutVersion": "1.1",
          "flat": true
        }
      },
      "IERC2981Upgradeable": {
        "src": "@openzeppelin\\contracts-upgradeable\\interfaces\\IERC2981Upgradeable.sol:16",
        "inherit": [
          "IERC165Upgradeable"
        ],
        "libraries": [],
        "methods": [
          "royaltyInfo(uint256,uint256)"
        ],
        "linkReferences": [],
        "errors": [],
        "layout": {
          "storage": [],
          "types": {},
          "layoutVersion": "1.1",
          "flat": false
        }
      },
      "Initializable": {
        "src": "@openzeppelin\\contracts-upgradeable\\proxy\\utils\\Initializable.sol:57",
        "inherit": [],
        "libraries": [
          "AddressUpgradeable"
        ],
        "methods": [],
        "linkReferences": [],
        "errors": [],
        "layout": {
          "storage": [
            {
              "label": "_initialized",
              "offset": 0,
              "slot": "0",
              "type": "t_uint8",
              "contract": "Initializable",
              "src": "@openzeppelin\\contracts-upgradeable\\proxy\\utils\\Initializable.sol:62",
              "retypedFrom": "bool"
            },
            {
              "label": "_initializing",
              "offset": 1,
              "slot": "0",
              "type": "t_bool",
              "contract": "Initializable",
              "src": "@openzeppelin\\contracts-upgradeable\\proxy\\utils\\Initializable.sol:67"
            }
          ],
          "types": {
            "t_bool": {
              "label": "bool",
              "numberOfBytes": "1"
            },
            "t_uint8": {
              "label": "uint8",
              "numberOfBytes": "1"
            }
          },
          "layoutVersion": "1.1",
          "flat": true
        }
      },
      "ReentrancyGuardUpgradeable": {
        "src": "@openzeppelin\\contracts-upgradeable\\security\\ReentrancyGuardUpgradeable.sol:23",
        "inherit": [
          "Initializable"
        ],
        "libraries": [],
        "methods": [],
        "linkReferences": [],
        "errors": [],
        "layout": {
          "storage": [
            {
              "label": "_initialized",
              "offset": 0,
              "slot": "0",
              "type": "t_uint8",
              "contract": "Initializable",
              "src": "@openzeppelin\\contracts-upgradeable\\proxy\\utils\\Initializable.sol:62",
              "retypedFrom": "bool"
            },
            {
              "label": "_initializing",
              "offset": 1,
              "slot": "0",
              "type": "t_bool",
              "contract": "Initializable",
              "src": "@openzeppelin\\contracts-upgradeable\\proxy\\utils\\Initializable.sol:67"
            },
            {
              "label": "_status",
              "offset": 0,
              "slot": "1",
              "type": "t_uint256",
              "contract": "ReentrancyGuardUpgradeable",
              "src": "@openzeppelin\\contracts-upgradeable\\security\\ReentrancyGuardUpgradeable.sol:38"
            },
            {
              "label": "__gap",
              "offset": 0,
              "slot": "2",
              "type": "t_array(t_uint256)49_storage",
              "contract": "ReentrancyGuardUpgradeable",
              "src": "@openzeppelin\\contracts-upgradeable\\security\\ReentrancyGuardUpgradeable.sol:74"
            }
          ],
          "types": {
            "t_array(t_uint256)49_storage": {
              "label": "uint256[49]",
              "numberOfBytes": "1568"
            },
            "t_bool": {
              "label": "bool",
              "numberOfBytes": "1"
            },
            "t_uint256": {
              "label": "uint256",
              "numberOfBytes": "32"
            },
            "t_uint8": {
              "label": "uint8",
              "numberOfBytes": "1"
            }
          },
          "layoutVersion": "1.1",
          "flat": true
        }
      },
      "ERC2981Upgradeable": {
        "src": "@openzeppelin\\contracts-upgradeable\\token\\common\\ERC2981Upgradeable.sol:25",
        "inherit": [
          "ERC165Upgradeable",
          "IERC2981Upgradeable",
          "IERC165Upgradeable",
          "Initializable"
        ],
        "libraries": [],
        "methods": [
          "supportsInterface(bytes4)",
          "royaltyInfo(uint256,uint256)"
        ],
        "linkReferences": [],
        "errors": [],
        "layout": {
          "storage": [
            {
              "label": "_initialized",
              "offset": 0,
              "slot": "0",
              "type": "t_uint8",
              "contract": "Initializable",
              "src": "@openzeppelin\\contracts-upgradeable\\proxy\\utils\\Initializable.sol:62",
              "retypedFrom": "bool"
            },
            {
              "label": "_initializing",
              "offset": 1,
              "slot": "0",
              "type": "t_bool",
              "contract": "Initializable",
              "src": "@openzeppelin\\contracts-upgradeable\\proxy\\utils\\Initializable.sol:67"
            },
            {
              "label": "__gap",
              "offset": 0,
              "slot": "1",
              "type": "t_array(t_uint256)50_storage",
              "contract": "ERC165Upgradeable",
              "src": "@openzeppelin\\contracts-upgradeable\\utils\\introspection\\ERC165Upgradeable.sol:41"
            },
            {
              "label": "_defaultRoyaltyInfo",
              "offset": 0,
              "slot": "51",
              "type": "t_struct(RoyaltyInfo)372_storage",
              "contract": "ERC2981Upgradeable",
              "src": "@openzeppelin\\contracts-upgradeable\\token\\common\\ERC2981Upgradeable.sol:36"
            },
            {
              "label": "_tokenRoyaltyInfo",
              "offset": 0,
              "slot": "52",
              "type": "t_mapping(t_uint256,t_struct(RoyaltyInfo)372_storage)",
              "contract": "ERC2981Upgradeable",
              "src": "@openzeppelin\\contracts-upgradeable\\token\\common\\ERC2981Upgradeable.sol:37"
            },
            {
              "label": "__gap",
              "offset": 0,
              "slot": "53",
              "type": "t_array(t_uint256)48_storage",
              "contract": "ERC2981Upgradeable",
              "src": "@openzeppelin\\contracts-upgradeable\\token\\common\\ERC2981Upgradeable.sol:124"
            }
          ],
          "types": {
            "t_address": {
              "label": "address",
              "numberOfBytes": "20"
            },
            "t_array(t_uint256)48_storage": {
              "label": "uint256[48]",
              "numberOfBytes": "1536"
            },
            "t_array(t_uint256)50_storage": {
              "label": "uint256[50]",
              "numberOfBytes": "1600"
            },
            "t_bool": {
              "label": "bool",
              "numberOfBytes": "1"
            },
            "t_mapping(t_uint256,t_struct(RoyaltyInfo)372_storage)": {
              "label": "mapping(uint256 => struct ERC2981Upgradeable.RoyaltyInfo)",
              "numberOfBytes": "32"
            },
            "t_struct(RoyaltyInfo)372_storage": {
              "label": "struct ERC2981Upgradeable.RoyaltyInfo",
              "members": [
                {
                  "label": "receiver",
                  "type": "t_address",
                  "offset": 0,
                  "slot": "0"
                },
                {
                  "label": "royaltyFraction",
                  "type": "t_uint96",
                  "offset": 20,
                  "slot": "0"
                }
              ],
              "numberOfBytes": "32"
            },
            "t_uint256": {
              "label": "uint256",
              "numberOfBytes": "32"
            },
            "t_uint8": {
              "label": "uint8",
              "numberOfBytes": "1"
            },
            "t_uint96": {
              "label": "uint96",
              "numberOfBytes": "12"
            }
          },
          "layoutVersion": "1.1",
          "flat": true
        }
      },
      "AddressUpgradeable": {
        "src": "@openzeppelin\\contracts-upgradeable\\utils\\AddressUpgradeable.sol:9",
        "version": {
          "withMetadata": "5fe87503211c7f92f6a03bdedfd76d8dcb328bb30763ba1e566a7112ec948fa7",
          "withoutMetadata": "a64c6cf9c6ba9368f5132c93a0196b3204a7963dbb4dd05dfddb4ab23126b8db",
          "linkedWithoutMetadata": "a64c6cf9c6ba9368f5132c93a0196b3204a7963dbb4dd05dfddb4ab23126b8db"
        },
        "inherit": [],
        "libraries": [],
        "methods": [],
        "linkReferences": [],
        "errors": [],
        "layout": {
          "storage": [],
          "types": {},
          "layoutVersion": "1.1",
          "flat": false
        }
      },
      "ContextUpgradeable": {
        "src": "@openzeppelin\\contracts-upgradeable\\utils\\ContextUpgradeable.sol:17",
        "inherit": [
          "Initializable"
        ],
        "libraries": [],
        "methods": [],
        "linkReferences": [],
        "errors": [],
        "layout": {
          "storage": [
            {
              "label": "_initialized",
              "offset": 0,
              "slot": "0",
              "type": "t_uint8",
              "contract": "Initializable",
              "src": "@openzeppelin\\contracts-upgradeable\\proxy\\utils\\Initializable.sol:62",
              "retypedFrom": "bool"
            },
            {
              "label": "_initializing",
              "offset": 1,
              "slot": "0",
              "type": "t_bool",
              "contract": "Initializable",
              "src": "@openzeppelin\\contracts-upgradeable\\proxy\\utils\\Initializable.sol:67"
            },
            {
              "label": "__gap",
              "offset": 0,
              "slot": "1",
              "type": "t_array(t_uint256)50_storage",
              "contract": "ContextUpgradeable",
              "src": "@openzeppelin\\contracts-upgradeable\\utils\\ContextUpgradeable.sol:36"
            }
          ],
          "types": {
            "t_array(t_uint256)50_storage": {
              "label": "uint256[50]",
              "numberOfBytes": "1600"
            },
            "t_bool": {
              "label": "bool",
              "numberOfBytes": "1"
            },
            "t_uint256": {
              "label": "uint256",
              "numberOfBytes": "32"
            },
            "t_uint8": {
              "label": "uint8",
              "numberOfBytes": "1"
            }
          },
          "layoutVersion": "1.1",
          "flat": true
        }
      },
      "MerkleProofUpgradeable": {
        "src": "@openzeppelin\\contracts-upgradeable\\utils\\cryptography\\MerkleProofUpgradeable.sol:20",
        "version": {
          "withMetadata": "bc5c4d3b2328a06edf5b78132b32d6908b081f833b53f87ab75297ddbab0d35c",
          "withoutMetadata": "a64c6cf9c6ba9368f5132c93a0196b3204a7963dbb4dd05dfddb4ab23126b8db",
          "linkedWithoutMetadata": "a64c6cf9c6ba9368f5132c93a0196b3204a7963dbb4dd05dfddb4ab23126b8db"
        },
        "inherit": [],
        "libraries": [],
        "methods": [],
        "linkReferences": [],
        "errors": [],
        "layout": {
          "storage": [],
          "types": {},
          "layoutVersion": "1.1",
          "flat": false
        }
      },
      "ERC165Upgradeable": {
        "src": "@openzeppelin\\contracts-upgradeable\\utils\\introspection\\ERC165Upgradeable.sol:23",
        "inherit": [
          "IERC165Upgradeable",
          "Initializable"
        ],
        "libraries": [],
        "methods": [
          "supportsInterface(bytes4)"
        ],
        "linkReferences": [],
        "errors": [],
        "layout": {
          "storage": [
            {
              "label": "_initialized",
              "offset": 0,
              "slot": "0",
              "type": "t_uint8",
              "contract": "Initializable",
              "src": "@openzeppelin\\contracts-upgradeable\\proxy\\utils\\Initializable.sol:62",
              "retypedFrom": "bool"
            },
            {
              "label": "_initializing",
              "offset": 1,
              "slot": "0",
              "type": "t_bool",
              "contract": "Initializable",
              "src": "@openzeppelin\\contracts-upgradeable\\proxy\\utils\\Initializable.sol:67"
            },
            {
              "label": "__gap",
              "offset": 0,
              "slot": "1",
              "type": "t_array(t_uint256)50_storage",
              "contract": "ERC165Upgradeable",
              "src": "@openzeppelin\\contracts-upgradeable\\utils\\introspection\\ERC165Upgradeable.sol:41"
            }
          ],
          "types": {
            "t_array(t_uint256)50_storage": {
              "label": "uint256[50]",
              "numberOfBytes": "1600"
            },
            "t_bool": {
              "label": "bool",
              "numberOfBytes": "1"
            },
            "t_uint256": {
              "label": "uint256",
              "numberOfBytes": "32"
            },
            "t_uint8": {
              "label": "uint8",
              "numberOfBytes": "1"
            }
          },
          "layoutVersion": "1.1",
          "flat": true
        }
      },
      "IERC165Upgradeable": {
        "src": "@openzeppelin\\contracts-upgradeable\\utils\\introspection\\IERC165Upgradeable.sol:15",
        "inherit": [],
        "libraries": [],
        "methods": [
          "supportsInterface(bytes4)"
        ],
        "linkReferences": [],
        "errors": [],
        "layout": {
          "storage": [],
          "types": {},
          "layoutVersion": "1.1",
          "flat": false
        }
      },
      "Strings": {
        "src": "@openzeppelin\\contracts\\utils\\Strings.sol:9",
        "version": {
          "withMetadata": "eac4491728986e273d9e3fff8de19f786de5ec9e20364fa740a68d93eb336e20",
          "withoutMetadata": "a64c6cf9c6ba9368f5132c93a0196b3204a7963dbb4dd05dfddb4ab23126b8db",
          "linkedWithoutMetadata": "a64c6cf9c6ba9368f5132c93a0196b3204a7963dbb4dd05dfddb4ab23126b8db"
        },
        "inherit": [],
        "libraries": [],
        "methods": [],
        "linkReferences": [],
        "errors": [],
        "layout": {
          "storage": [],
          "types": {},
          "layoutVersion": "1.1",
          "flat": false
        }
      },
      "MetaLicensePlates": {
        "src": "contracts\\MlpTestNFT.sol:12",
        "version": {
          "withMetadata": "2e3b4b55922c234ab790ccb3b0ee63cbc0ebfad1e177f7293753a91f53669a4a",
          "withoutMetadata": "30d2593a8bbb3caec4f43bc0b183f949eb040978f637be1f5c2eb3a5e8a6b510",
          "linkedWithoutMetadata": "30d2593a8bbb3caec4f43bc0b183f949eb040978f637be1f5c2eb3a5e8a6b510"
        },
        "inherit": [
          "OwnableUpgradeable",
          "ContextUpgradeable",
          "ReentrancyGuardUpgradeable",
          "ERC2981Upgradeable",
          "ERC165Upgradeable",
          "IERC2981Upgradeable",
          "IERC165Upgradeable",
          "Initializable",
          "ERC721AUpgradeable",
          "IERC721AUpgradeable",
          "ERC721A__Initializable"
        ],
        "libraries": [
          "Strings",
          "MerkleProofUpgradeable"
        ],
        "methods": [
          "initialize(string,string,uint256,uint256,uint256,address payable,string,uint96,uint96,address payable)",
          "mint(uint256)",
          "mintForAddress(uint256,address)",
          "whitelistMint(uint256,bytes32[])",
          "transfer(uint256,address)",
          "transferRevenueShare(uint256,uint256)",
          "withdraw()",
          "setMintPrice(uint256)",
          "seturi(string)",
          "calcRevenueShare(uint256,uint256)",
          "getBalance()",
          "setPaused(bool)",
          "setMerkleRoot(bytes32)",
          "setWhitelistMintEnabled(bool)",
          "setPublicMintEnabled(bool)",
          "setPrivateMintEnabled(bool)",
          "updateMaxSupply(uint256)",
          "updateWithdraWallet(address payable)",
          "updateMaxPerWallet(uint256)",
          "tokenURI(uint256)",
          "setRoyaltyInfo(address,uint96)",
          "supportsInterface(bytes4)"
        ],
        "linkReferences": [],
        "errors": [],
        "layout": {
          "storage": [
            {
              "label": "_initialized",
              "offset": 0,
              "slot": "0",
              "type": "t_uint8",
              "contract": "Initializable",
              "src": "@openzeppelin\\contracts-upgradeable\\proxy\\utils\\Initializable.sol:62",
              "retypedFrom": "bool"
            },
            {
              "label": "_initializing",
              "offset": 1,
              "slot": "0",
              "type": "t_bool",
              "contract": "Initializable",
              "src": "@openzeppelin\\contracts-upgradeable\\proxy\\utils\\Initializable.sol:67"
            },
            {
              "label": "__gap",
              "offset": 0,
              "slot": "1",
              "type": "t_array(t_uint256)50_storage",
              "contract": "ERC165Upgradeable",
              "src": "@openzeppelin\\contracts-upgradeable\\utils\\introspection\\ERC165Upgradeable.sol:41"
            },
            {
              "label": "_defaultRoyaltyInfo",
              "offset": 0,
              "slot": "51",
              "type": "t_struct(RoyaltyInfo)372_storage",
              "contract": "ERC2981Upgradeable",
              "src": "@openzeppelin\\contracts-upgradeable\\token\\common\\ERC2981Upgradeable.sol:36"
            },
            {
              "label": "_tokenRoyaltyInfo",
              "offset": 0,
              "slot": "52",
              "type": "t_mapping(t_uint256,t_struct(RoyaltyInfo)372_storage)",
              "contract": "ERC2981Upgradeable",
              "src": "@openzeppelin\\contracts-upgradeable\\token\\common\\ERC2981Upgradeable.sol:37"
            },
            {
              "label": "__gap",
              "offset": 0,
              "slot": "53",
              "type": "t_array(t_uint256)48_storage",
              "contract": "ERC2981Upgradeable",
              "src": "@openzeppelin\\contracts-upgradeable\\token\\common\\ERC2981Upgradeable.sol:124"
            },
            {
              "label": "_status",
              "offset": 0,
              "slot": "101",
              "type": "t_uint256",
              "contract": "ReentrancyGuardUpgradeable",
              "src": "@openzeppelin\\contracts-upgradeable\\security\\ReentrancyGuardUpgradeable.sol:38"
            },
            {
              "label": "__gap",
              "offset": 0,
              "slot": "102",
              "type": "t_array(t_uint256)49_storage",
              "contract": "ReentrancyGuardUpgradeable",
              "src": "@openzeppelin\\contracts-upgradeable\\security\\ReentrancyGuardUpgradeable.sol:74"
            },
            {
              "label": "__gap",
              "offset": 0,
              "slot": "151",
              "type": "t_array(t_uint256)50_storage",
              "contract": "ContextUpgradeable",
              "src": "@openzeppelin\\contracts-upgradeable\\utils\\ContextUpgradeable.sol:36"
            },
            {
              "label": "_owner",
              "offset": 0,
              "slot": "201",
              "type": "t_address",
              "contract": "OwnableUpgradeable",
              "src": "@openzeppelin\\contracts-upgradeable\\access\\OwnableUpgradeable.sol:22"
            },
            {
              "label": "__gap",
              "offset": 0,
              "slot": "202",
              "type": "t_array(t_uint256)49_storage",
              "contract": "OwnableUpgradeable",
              "src": "@openzeppelin\\contracts-upgradeable\\access\\OwnableUpgradeable.sol:87"
            },
            {
              "label": "merkleRoot",
              "offset": 0,
              "slot": "251",
              "type": "t_bytes32",
              "contract": "MetaLicensePlates",
              "src": "contracts\\MlpTestNFT.sol:20"
            },
            {
              "label": "whitelistClaimed",
              "offset": 0,
              "slot": "252",
              "type": "t_mapping(t_address,t_bool)",
              "contract": "MetaLicensePlates",
              "src": "contracts\\MlpTestNFT.sol:21"
            },
            {
              "label": "uri",
              "offset": 0,
              "slot": "253",
              "type": "t_string_storage",
              "contract": "MetaLicensePlates",
              "src": "contracts\\MlpTestNFT.sol:23"
            },
            {
              "label": "mintPrice",
              "offset": 0,
              "slot": "254",
              "type": "t_uint256",
              "contract": "MetaLicensePlates",
              "src": "contracts\\MlpTestNFT.sol:25"
            },
            {
              "label": "maxSupply",
              "offset": 0,
              "slot": "255",
              "type": "t_uint256",
              "contract": "MetaLicensePlates",
              "src": "contracts\\MlpTestNFT.sol:26"
            },
            {
              "label": "maxPerWallet",
              "offset": 0,
              "slot": "256",
              "type": "t_uint256",
              "contract": "MetaLicensePlates",
              "src": "contracts\\MlpTestNFT.sol:27"
            },
            {
              "label": "paused",
              "offset": 0,
              "slot": "257",
              "type": "t_bool",
              "contract": "MetaLicensePlates",
              "src": "contracts\\MlpTestNFT.sol:29"
            },
            {
              "label": "whitelistMintEnabled",
              "offset": 1,
              "slot": "257",
              "type": "t_bool",
              "contract": "MetaLicensePlates",
              "src": "contracts\\MlpTestNFT.sol:30"
            },
            {
              "label": "publicMintEnabled",
              "offset": 2,
              "slot": "257",
              "type": "t_bool",
              "contract": "MetaLicensePlates",
              "src": "contracts\\MlpTestNFT.sol:31"
            },
            {
              "label": "privateMintEnabled",
              "offset": 3,
              "slot": "257",
              "type": "t_bool",
              "contract": "MetaLicensePlates",
              "src": "contracts\\MlpTestNFT.sol:32"
            },
            {
              "label": "withdrawWallet",
              "offset": 4,
              "slot": "257",
              "type": "t_address_payable",
              "contract": "MetaLicensePlates",
              "src": "contracts\\MlpTestNFT.sol:34"
            },
            {
              "label": "royaltyOwner",
              "offset": 0,
              "slot": "258",
              "type": "t_address_payable",
              "contract": "MetaLicensePlates",
              "src": "contracts\\MlpTestNFT.sol:35"
            },
            {
              "label": "revenueShareInBips",
              "offset": 20,
              "slot": "258",
              "type": "t_uint96",
              "contract": "MetaLicensePlates",
              "src": "contracts\\MlpTestNFT.sol:37"
            }
          ],
          "types": {
            "t_address": {
              "label": "address",
              "numberOfBytes": "20"
            },
            "t_address_payable": {
              "label": "address payable",
              "numberOfBytes": "20"
            },
            "t_array(t_uint256)48_storage": {
              "label": "uint256[48]",
              "numberOfBytes": "1536"
            },
            "t_array(t_uint256)49_storage": {
              "label": "uint256[49]",
              "numberOfBytes": "1568"
            },
            "t_array(t_uint256)50_storage": {
              "label": "uint256[50]",
              "numberOfBytes": "1600"
            },
            "t_bool": {
              "label": "bool",
              "numberOfBytes": "1"
            },
            "t_bytes32": {
              "label": "bytes32",
              "numberOfBytes": "32"
            },
            "t_mapping(t_address,t_bool)": {
              "label": "mapping(address => bool)",
              "numberOfBytes": "32"
            },
            "t_mapping(t_uint256,t_struct(RoyaltyInfo)372_storage)": {
              "label": "mapping(uint256 => struct ERC2981Upgradeable.RoyaltyInfo)",
              "numberOfBytes": "32"
            },
            "t_string_storage": {
              "label": "string",
              "numberOfBytes": "32"
            },
            "t_struct(RoyaltyInfo)372_storage": {
              "label": "struct ERC2981Upgradeable.RoyaltyInfo",
              "members": [
                {
                  "label": "receiver",
                  "type": "t_address",
                  "offset": 0,
                  "slot": "0"
                },
                {
                  "label": "royaltyFraction",
                  "type": "t_uint96",
                  "offset": 20,
                  "slot": "0"
                }
              ],
              "numberOfBytes": "32"
            },
            "t_uint256": {
              "label": "uint256",
              "numberOfBytes": "32"
            },
            "t_uint8": {
              "label": "uint8",
              "numberOfBytes": "1"
            },
            "t_uint96": {
              "label": "uint96",
              "numberOfBytes": "12"
            }
          },
          "layoutVersion": "1.1",
          "flat": true
        }
      },
      "ERC721AStorage": {
        "src": "erc721a-upgradeable\\contracts\\ERC721AStorage.sol:7",
        "version": {
          "withMetadata": "8f2f6ca1654539569bb5fb4d113d222c1410369b813ccaf52c85baa3f964c192",
          "withoutMetadata": "a64c6cf9c6ba9368f5132c93a0196b3204a7963dbb4dd05dfddb4ab23126b8db",
          "linkedWithoutMetadata": "a64c6cf9c6ba9368f5132c93a0196b3204a7963dbb4dd05dfddb4ab23126b8db"
        },
        "inherit": [],
        "libraries": [],
        "methods": [],
        "linkReferences": [],
        "errors": [],
        "layout": {
          "storage": [],
          "types": {},
          "layoutVersion": "1.1",
          "flat": false
        }
      },
      "ERC721AUpgradeable": {
        "src": "erc721a-upgradeable\\contracts\\ERC721AUpgradeable.sol:34",
        "version": {
          "withMetadata": "6ea4fc51cceca4cdc88537cb3cd5ed390dfab02a4a510f6ee8fdeddd7f0117fe",
          "withoutMetadata": "75e76107f6ef84f5d40e116925f44afd109392aedb1c56d64b32472fb6a9c32d",
          "linkedWithoutMetadata": "75e76107f6ef84f5d40e116925f44afd109392aedb1c56d64b32472fb6a9c32d"
        },
        "inherit": [
          "IERC721AUpgradeable",
          "ERC721A__Initializable"
        ],
        "libraries": [
          "ERC721AStorage"
        ],
        "methods": [
          "totalSupply()",
          "supportsInterface(bytes4)",
          "balanceOf(address)",
          "ownerOf(uint256)",
          "name()",
          "symbol()",
          "tokenURI(uint256)",
          "approve(address,uint256)",
          "getApproved(uint256)",
          "setApprovalForAll(address,bool)",
          "isApprovedForAll(address,address)",
          "safeTransferFrom(address,address,uint256)",
          "safeTransferFrom(address,address,uint256,bytes)",
          "transferFrom(address,address,uint256)"
        ],
        "linkReferences": [],
        "errors": [],
        "layout": {
          "storage": [],
          "types": {},
          "layoutVersion": "1.1",
          "flat": false
        }
      },
      "ERC721A__IERC721ReceiverUpgradeable": {
        "src": "erc721a-upgradeable\\contracts\\ERC721AUpgradeable.sol:14",
        "inherit": [],
        "libraries": [],
        "methods": [
          "onERC721Received(address,address,uint256,bytes)"
        ],
        "linkReferences": [],
        "errors": [],
        "layout": {
          "storage": [],
          "types": {},
          "layoutVersion": "1.1",
          "flat": false
        }
      },
      "ERC721A__Initializable": {
        "src": "erc721a-upgradeable\\contracts\\ERC721A__Initializable.sol:19",
        "inherit": [],
        "libraries": [
          "ERC721A__InitializableStorage"
        ],
        "methods": [],
        "linkReferences": [],
        "errors": [],
        "layout": {
          "storage": [],
          "types": {},
          "layoutVersion": "1.1",
          "flat": false
        }
      },
      "ERC721A__InitializableStorage": {
        "src": "erc721a-upgradeable\\contracts\\ERC721A__InitializableStorage.sol:9",
        "version": {
          "withMetadata": "dd181d06430316cd8c4e16a4de18e1b8e3ff152b090ce61e699ae894bf0d96aa",
          "withoutMetadata": "a64c6cf9c6ba9368f5132c93a0196b3204a7963dbb4dd05dfddb4ab23126b8db",
          "linkedWithoutMetadata": "a64c6cf9c6ba9368f5132c93a0196b3204a7963dbb4dd05dfddb4ab23126b8db"
        },
        "inherit": [],
        "libraries": [],
        "methods": [],
        "linkReferences": [],
        "errors": [],
        "layout": {
          "storage": [],
          "types": {},
          "layoutVersion": "1.1",
          "flat": false
        }
      },
      "IERC721AUpgradeable": {
        "src": "erc721a-upgradeable\\contracts\\IERC721AUpgradeable.sol:10",
        "inherit": [],
        "libraries": [],
        "methods": [
          "totalSupply()",
          "supportsInterface(bytes4)",
          "balanceOf(address)",
          "ownerOf(uint256)",
          "safeTransferFrom(address,address,uint256,bytes)",
          "safeTransferFrom(address,address,uint256)",
          "transferFrom(address,address,uint256)",
          "approve(address,uint256)",
          "setApprovalForAll(address,bool)",
          "getApproved(uint256)",
          "isApprovedForAll(address,address)",
          "name()",
          "symbol()",
          "tokenURI(uint256)"
        ],
        "linkReferences": [],
        "errors": [],
        "layout": {
          "storage": [],
          "types": {},
          "layoutVersion": "1.1",
          "flat": false
        }
      }
    }
  ]
}